sub,task,run,cens1mm,frame1,frame2,frame3,frame4,frame5,frame6,frame7,frame8,frame9,frame10,frame11,frame12,frame13,frame14,frame15,frame16,frame17,frame18,frame19,frame20,frame21,frame22,frame23,frame24,frame25,frame26,frame27,frame28,frame29,frame30,frame31,frame32,frame33,frame34,frame35,frame36,frame37,frame38,frame39,frame40,frame41,frame42,frame43,frame44,frame45,frame46,frame47,frame48,frame49,frame50,frame51,frame52,frame53,frame54,frame55,frame56,frame57,frame58,frame59,frame60
sub-kLat002,task-sline,run-1,0,NA,0.1944,0.4508,0.362,0.2478,0.2289,0.3606,0.1871,0.403,0.6117,0.3079,0.3907,0.1805,0.1536,0.1928,0.1857,0.1461,0.2024,0.3569,0.2505,0.4027,0.2521,0.1389,0.0412,0.1451,0.1032,0.095,0.0906,0.0986,0.3932,0.2781,0.8415,0.8248,0.554,0.4936,0.5833,0.4605,0.4094,0.215,0.2506,0.3314,0.4258,0.2868,0.3962,0.6745,0.4258,0.4913,0.3248,0.1162,0.175,0.1277,0.0684,0.1459,0.4405,0.1901,0.0639,0.1158,0.2966,0.3709,0.8212
sub-kLat002,task-sline,run-2,0,NA,0.2783,0.3589,0.8525,0.5327,0.4013,0.2948,0.1789,0.1232,0.0313,0.2646,0.9147,0.6468,0.0277,0.1197,0.2603,0.2272,0.4387,0.1223,0.3342,0.6631,0.217,0.1012,0.5672,0.1607,0.0854,0.0807,0.0864,0.1436,0.2581,0.4212,0.9873,0.3772,0.21,0.1005,0.1193,0.1574,0.5247,0.2272,0.1642,0.1298,0.0603,0.0567,0.3144,0.2529,0.2811,0.3307,0.4713,0.5372,0.312,0.1625,0.025,0.1229,0.0984,0.4775,0.1686,0.123,0.4614,0.4595,0.8309
sub-kLat004,task-sline,run-1,0,NA,0.0275,0.0027,0.0723,0.0878,0.3057,0.2089,0.1575,0.103,0.1102,0.1019,0.0957,0.4007,0.0346,0.045,0.1537,0.1551,0.4493,0.0639,0.0749,0.0716,0.0634,0.0973,0.0744,0.045,0.0415,0.0565,0.064,0.014,0.0979,0.0961,0.1118,0.1085,0.0372,0.0534,0.0385,0.0115,0.0693,0.0697,0.0269,0.0882,0.0643,0.0377,0.1104,0.1402,0.1835,0.2207,0.1514,0.0849,0.0745,0.0373,0.0832,0.0505,0.0595,0.0387,0.0515,0.0565,0.0902,0.1137,0.0444
sub-kLat004,task-sline,run-2,0,NA,0.0836,0.0884,0.0725,0.0137,0.0236,0.032,0.0516,0.0333,0.0675,0.063,0.1126,0.0748,0.023,0.1473,0.1813,0.1419,0.1629,0.6033,0.0747,0.0615,0.0947,0.3119,0.0296,0.0498,0.053,0.038,0.0334,0.0396,0.0534,0.0513,0.0394,0.1313,0.4743,0.7179,0.1601,0.131,0.0677,0.0448,0.029,0.0555,0.0522,0.1157,0.1379,0.4879,0.1154,0.0642,0.1129,0.0883,0.0918,0.0501,0.0628,0.059,0.0599,0.0354,0.0351,0.031,0.0516,0.0824,0.0497
sub-kLat004,task-sline,run-3,0,NA,0.0897,0.0498,0.0522,0.0566,0.0611,0.0773,0.1166,0.11,0.0489,0.0484,0.0317,0.0616,0.0638,0.0196,0.0674,0.157,0.1052,0.0569,0.0605,0.0999,0.0967,0.1261,0.0688,0.0602,0.0646,0.0514,0.0887,0.0853,0.1191,0.1811,0.0996,0.0583,0.1092,0.171,0.2446,0.1483,0.0305,0.0586,0.0305,0.0433,0.0444,0.0317,0.1022,0.2569,0.2219,0.1199,0.0797,0.0758,0.0534,0.0293,0.0607,0.0485,0.0397,0.0491,0.0857,0.076,0.1344,0.0478,0.1435
sub-kLat004,task-sline,run-4,0,NA,0.0834,0.1145,0.1198,0.0785,0.0753,0.067,0.1212,0.0598,0.1153,0.0791,0.2105,0.0566,0.0836,0.0734,0.0459,0.1646,0.1461,0.0397,0.0763,0.0528,0.0222,0.0515,0.0662,0.0796,0.0424,0.0633,0.0515,0.0418,0.0661,0.0387,0.0321,0.1585,0.5385,0.6702,0.154,0.3642,0.0601,0.0603,0.0686,0.0583,0.0204,0.0425,0.091,0.0538,0.0485,0.0982,0.1084,0.0564,0.0773,0.0456,0.1149,0.042,0.0516,0.0738,0.0616,0.046,0.0972,0.0815,0.0339
sub-kLat006,task-sline,run-2,0,NA,0.0614,0.066,0.1761,0.1452,0.0773,0.0801,0.0794,0.0686,0.227,0.0496,0.0476,0.1483,0.4526,0.471,0.1529,0.1356,0.1529,0.1028,0.1368,0.0885,0.1271,0.0748,0.0617,0.0624,0.0693,0.0364,0.0536,0.0441,0.0153,0.0446,0.0331,0.0614,0.0768,0.0887,0.0373,0.1147,0.0932,0.0457,0.0469,0.0663,0.2071,0.2819,0.1542,0.0823,0.1119,0.0622,0.0398,0.0467,0.1098,0.1472,0.0747,0.0369,0.0709,0.0575,0.0649,0.1167,0.1791,0.1777,0.0903
sub-kLat006,task-sline,run-3,0,NA,0.0956,0.0689,0.0432,0.0431,0.0657,0.0281,0.0886,0.1101,0.0785,0.0822,0.1323,0.1172,0.1168,0.1397,0.1522,0.0909,0.1521,0.1746,0.1245,0.0979,0.1094,0.134,0.0892,0.0585,0.0577,0.0586,0.0936,0.0784,0.0979,0.0785,0.1073,0.1188,0.0334,0.0833,0.1027,0.0632,0.082,0.0766,0.095,0.0493,0.0622,0.0647,0.0602,0.0423,0.143,0.1457,0.1811,0.1992,0.1159,0.1037,0.126,0.1352,0.0594,0.1381,0.0355,0.1321,0.1086,0.1201,0.0821
sub-kLat006,task-sline,run-4,0,NA,0.0735,0.1402,0.0345,0.1186,0.0903,0.0787,0.2483,0.2412,0.2072,0.13,0.0565,0.0501,0.083,0.0536,0.1235,0.1354,0.1468,0.0659,0.0788,0.1131,0.0824,0.0964,0.0814,0.0967,0.0561,0.0387,0.0881,0.0769,0.0667,0.1204,0.1044,0.0724,0.0395,0.1092,0.3257,0.4723,0.1558,0.3004,0.025,0.0773,0.0535,0.0804,0.1133,0.0795,0.0378,0.0645,0.1255,0.1306,0.0875,0.1083,0.0542,0.0461,0.0299,0.0929,0.0331,0.1084,0.0716,0.041,0.0746
sub-kLat008,task-sline,run-1,0,NA,0.1497,0.2956,0.6415,0.2586,0.1879,0.354,0.1502,0.0762,0.0646,0.1824,0.5833,0.1411,0.0459,0.0749,0.2404,0.3915,0.2182,0.1683,0.1986,0.13,0.1482,0.0828,0.0819,0.0582,0.0988,0.0547,0.0608,0.1287,0.2014,0.0959,0.078,0.1703,0.0998,0.1984,0.3666,0.0954,0.0725,0.0333,0.1043,0.3215,0.616,0.2793,0.2258,0.1527,0.233,0.1892,0.1186,0.0719,0.0791,0.0958,0.1009,0.1101,0.1532,0.2641,0.1324,0.2429,0.1607,0.202,0.0715
sub-kLat008,task-sline,run-2,0,NA,0.4213,0.73,0.3147,0.0903,0.1709,0.3506,0.3644,0.7246,0.2425,0.2484,0.4921,0.0899,0.0731,0.0281,0.3332,0.1217,0.1572,0.2075,0.1683,0.1867,0.0879,0.1047,0.0829,0.1296,0.0982,0.0263,0.022,0.0961,0.4902,0.2481,0.3838,0.4821,0.3996,0.5492,0.379,0.093,0.1498,0.3858,0.0765,0.0788,0.0997,0.1294,0.0998,0.1568,0.142,0.0801,0.1452,0.0644,0.0461,0.1139,0.4813,0.0592,0.1508,0.1073,0.0689,0.0454,0.1208,0.1676,0.2139
sub-kLat008,task-sline,run-3,0,NA,0.1507,0.2853,0.3615,0.1821,0.1493,0.0738,0.3868,0.0993,0.0526,0.0309,0.1823,0.1742,0.0824,0.0607,0.2278,0.3501,0.356,0.3903,0.107,0.1114,0.1348,0.0626,0.1932,0.3897,0.0838,0.0468,0.0767,0.091,0.2782,0.6668,0.7265,0.3632,0.3336,0.0503,0.1356,0.3303,0.1197,0.0645,0.1101,0.0982,0.0255,0.1018,0.1219,0.1085,0.1478,0.1892,0.1949,0.3582,0.262,0.1509,0.0712,0.0617,0.0839,0.0916,0.4243,0.0688,0.0527,0.122,0.072
sub-kLat013,task-sline,run-2,0,NA,0.1723,0.1843,0.2463,0.1723,0.1417,0.1567,0.1121,0.0892,0.3471,0.4989,0.099,0.1575,0.361,0.2652,0.5624,0.1806,0.4335,0.2476,0.2055,0.5476,0.4933,0.246,0.1936,0.1762,0.1052,0.1198,0.0563,0.068,0.5433,0.2587,0.7382,0.862,0.678,0.1949,0.2726,0.2141,0.6046,0.4477,0.4454,0.2261,0.1074,0.0614,0.1005,0.3152,0.1535,0.1122,0.1041,0.0777,0.1998,0.1515,0.1203,0.30620000000000003,0.4417,0.6702,0.2129,0.1273,0.1251,0.064,0.1337
sub-kLat016,task-sline,run-4,0,NA,0.1481,0.1902,0.4282,0.1315,0.2958,0.272,0.53,0.2206,0.4161,0.0794,0.0429,0.1115,0.133,0.2104,0.1543,0.1375,0.1763,0.4377,0.0594,0.0493,0.0789,0.0915,0.0581,0.0755,0.1436,0.114,0.2124,0.1708,0.1993,0.3027,0.2186,0.076,0.0847,0.108,0.1299,0.0875,0.2332,0.1961,0.1747,0.5074,0.1406,0.0742,0.27,0.4447,0.1919,0.3511,0.7996,0.1725,0.1285,0.0813,0.0908,0.0618,0.0728,0.0841,0.1,0.0736,0.1034,0.0784,0.0947
sub-kLat023,task-sline,run-1,0,NA,0.111,0.1566,0.2693,0.1318,0.0789,0.0653,0.0566,0.0201,0.0717,0.1744,0.1362,0.0621,0.3393,0.1138,0.6768,0.8419,0.3453,0.2966,0.4502,0.3127,0.0291,0.0544,0.1068,0.4381,0.5609,0.303,0.1129,0.0658,0.0848,0.0469,0.0956,0.107,0.1188,0.0746,0.0611,0.1012,0.1191,0.0934,0.0544,0.0835,0.1092,0.1914,0.1081,0.1341,0.0817,0.4498,0.265,0.4105,0.6576,0.1727,0.0687,0.0953,0.3147,0.1287,0.1888,0.1376,0.0942,0.1321,0.1812
sub-kLat023,task-sline,run-3,0,NA,0.2327,0.3872,0.3268,0.2433,0.3374,0.0401,0.1253,0.095,0.0283,0.0577,0.0574,0.0741,0.0343,0.1588,0.2353,0.235,0.0729,0.0785,0.2652,0.3852,0.2022,0.1412,0.3642,0.0435,0.0271,0.0456,0.0521,0.1641,0.2323,0.1695,0.6399,0.474,0.4782,0.6177,0.2524,0.3251,0.2275,0.1419,0.0489,0.0676,0.1501,0.1948,0.1003,0.1693,0.3405,0.8642,0.6962,0.3746,0.1519,0.1081,0.0785,0.0415,0.1028,0.1281,0.332,0.148,0.1474,0.143,0.1616
sub-kLat024,task-sline,run-1,0,NA,0.1014,0.1954,0.2002,0.0919,0.0847,0.0381,0.0759,0.0619,0.0494,0.0768,0.08,0.0496,0.048,0.045,0.0809,0.0788,0.15310000000000001,0.1759,0.1957,0.1176,0.1583,0.0427,0.0535,0.0505,0.0533,0.2063,0.291,0.2137,0.1774,0.1384,0.1203,0.0797,0.027,0.0364,0.0839,0.0555,0.0904,0.0806,0.0593,0.0805,0.0887,0.0594,0.098,0.1119,0.1864,0.2219,0.2725,0.1682,0.2704,0.0906,0.0772,0.0993,0.0424,0.0282,0.0309,0.0345,0.0599,0.0687,0.0505
sub-kLat024,task-sline,run-2,0,NA,0.1422,0.2095,0.1468,0.1533,0.2696,0.2257,0.1638,0.1651,0.1782,0.2007,0.1311,0.0834,0.04,0.0646,0.0636,0.1581,0.1355,0.1328,0.2242,0.2283,0.3857,0.0503,0.0564,0.0604,0.035,0.054,0.1176,0.0403,0.125,0.3493,0.2647,0.1321,0.0801,0.1743,0.1233,0.0712,0.05,0.0433,0.0442,0.0642,0.045,0.0641,0.1712,0.2934,0.1515,0.1197,0.2201,0.2465,0.1345,0.0731,0.062,0.0781,0.0763,0.0487,0.0506,0.0136,0.0729,0.2233,0.2045
sub-kLat024,task-sline,run-3,0,NA,0.1168,0.1344,0.0372,0.0751,0.1082,0.2415,0.298,0.1555,0.0915,0.0516,0.0476,0.0264,0.0428,0.0626,0.0678,0.0416,0.0544,0.1325,0.3337,0.2624,0.0955,0.0594,0.0728,0.0509,0.1007,0.1113,0.0885,0.0612,0.1113,0.3565,0.2774,0.43120000000000003,0.1331,0.0732,0.0701,0.1311,0.1542,0.1405,0.0229,0.0427,0.047,0.0601,0.162,0.1469,0.0341,0.0358,0.161,0.2062,0.1018,0.0582,0.0747,0.0718,0.081,0.0677,0.045,0.0183,0.2148,0.3292,0.2807
sub-kLat024,task-sline,run-4,0,NA,0.1155,0.0654,0.1038,0.2345,0.1446,0.1137,0.0894,0.125,0.1177,0.0929,0.0393,0.0888,0.1522,0.2532,0.1276,0.1626,0.0819,0.0914,0.0914,0.0403,0.0577,0.1959,0.0371,0.0602,0.051,0.0489,0.0795,0.0598,0.0612,0.0483,0.0305,0.1086,0.1542,0.3392,0.3241,0.1934,0.1213,0.0856,0.2428,0.1821,0.1482,0.0205,0.0458,0.0312,0.0619,0.0722,0.1131,0.0801,0.0821,0.049,0.0726,0.0786,0.0299,0.0538,0.0441,0.0328,0.0445,0.0449,0.1471
sub-kLat027,task-sline,run-1,0,NA,0.173,0.4971,0.5102,0.2926,0.1346,0.4617,0.2524,0.1785,0.1814,0.2051,0.3383,0.1758,0.1815,0.2212,0.7144,0.4238,0.1496,0.2582,0.1651,0.377,0.7408,0.2037,0.187,0.6724,0.1439,0.1079,0.252,0.2641,0.294,0.5629,0.0923,0.0974,0.0698,0.1817,0.2062,0.1503,0.115,0.1021,0.1476,0.137,0.0844,0.1136,0.1783,0.0918,0.231,0.437,0.1375,0.1005,0.1961,0.162,0.101,0.1104,0.1724,0.179,0.1225,0.1156,0.1991,0.328,0.3542
sub-kLat027,task-sline,run-2,0,NA,0.1529,0.3007,0.2072,0.0911,0.1221,0.6045,0.4145,0.5173,0.4664,0.46,0.3552,0.197,0.4274,0.742,0.5684,0.8212,0.7105,0.1466,0.7113,0.2933,0.2304,0.3456,0.2878,0.3172,0.399,0.4561,0.6433,0.4746,0.6595,0.7345,0.3131,0.5389,0.3853,0.3434,0.1527,0.3014,0.6182,0.808,0.6792,0.3129,0.3683,0.6792,0.6442,0.7285,0.7626,0.835,0.6041,0.1979,0.2699,0.2995,0.0232,0.0479,0.1498,0.0853,0.0942,0.1443,0.4777,0.2912,0.2242
sub-kLat027,task-sline,run-3,0,NA,0.2148,0.2088,0.1424,0.338,0.5962,0.2315,0.1999,0.2492,0.6673,0.1542,0.1044,0.0645,0.0831,0.0872,0.3825,0.429,0.2693,0.3822,0.3722,0.1516,0.0626,0.1006,0.0881,0.0733,0.0538,0.1025,0.0406,0.0578,0.2142,0.1125,0.2391,0.6425,0.4687,0.5278,0.1901,0.0652,0.1339,0.093,0.1802,0.1584,0.177,0.2059,0.3251,0.2084,0.5231,0.2788,0.0814,0.1021,0.0792,0.0541,0.0971,0.1222,0.1082,0.0585,0.1456,0.179,0.1085,0.1732,0.1486
sub-kLat057,task-sline,run-3,0,NA,0.0591,0.4314,0.7923,0.6938,0.3645,0.4973,0.2143,0.2983,0.1872,0.1365,0.0499,0.0222,0.0793,0.1357,0.2819,0.1962,0.113,0.262,0.2581,0.1244,0.1356,0.2641,0.1488,0.1417,0.1753,0.1861,0.1978,0.2078,0.205,0.3728,0.1917,0.1029,0.1155,0.3698,0.176,0.117,0.1119,0.141,0.1201,0.0791,0.0849,0.0928,0.1032,0.1216,0.1695,0.1365,0.1413,0.0987,0.1593,0.0963,0.1238,0.1905,0.1847,0.107,0.12,0.172,0.1803,0.1509,0.1609
sub-kLat057,task-sline,run-4,0,NA,0.0825,0.2973,0.5938,0.1674,0.1486,0.1408,0.1513,0.0949,0.101,0.1371,0.1993,0.1948,0.1483,0.1121,0.1692,0.098,0.1097,0.2385,0.1679,0.1143,0.1375,0.2094,0.2162,0.119,0.0981,0.1485,0.0595,0.1097,0.1163,0.0673,0.1223,0.218,0.1922,0.1363,0.0659,0.0989,0.1176,0.1476,0.1305,0.1369,0.1767,0.1279,0.1727,0.238,0.1456,0.1949,0.1389,0.2094,0.2551,0.1022,0.1678,0.1538,0.1432,0.1562,0.2791,0.6355,0.9107,0.448,0.0968
sub-kLat058,task-sline,run-2,0,NA,0.1837,0.3168,0.4269,0.2629,0.7207,0.4443,0.3497,0.8079,0.3162,0.5922,0.1966,0.1597,0.2081,0.2674,0.2195,0.3151,0.3915,0.3009,0.7896,0.1605,0.3141,0.3681,0.2402,0.0886,0.2329,0.1944,0.2716,0.3201,0.1431,0.36,0.4246,0.2662,0.5061,0.3282,0.2082,0.1853,0.2808,0.3099,0.4794,0.0335,0.1892,0.3651,0.7109,0.1592,0.2569,0.2623,0.2814,0.1519,0.0932,0.3613,0.4533,0.2513,0.3224,0.1277,0.2739,0.3197,0.2693,0.2316,0.4384
sub-kLat059,task-sline,run-1,0,NA,0.1045,0.1222,0.2122,0.2988,0.498,0.2414,0.6004,0.2815,0.1307,0.178,0.2019,0.1994,0.2305,0.231,0.2636,0.3348,0.1316,0.2595,0.4866,0.315,0.4901,0.0787,0.1308,0.1619,0.4051,0.2212,0.6617,0.5722,0.3559,0.1524,0.2644,0.1949,0.2415,0.1462,0.3259,0.189,0.0889,0.1058,0.0683,0.2047,0.1883,0.1243,0.1278,0.3045,0.5457,0.0956,0.3607,0.1025,0.2371,0.2129,0.6036,0.3101,0.1318,0.0893,0.0814,0.1362,0.1527,0.2229,0.2324
sub-kLat008,task-sline,run-4,0.016666666666666666,NA,0.1316,0.1286,0.0727,0.1328,0.4262,0.2512,0.5357,0.1669,0.047,0.0873,0.0568,0.0219,0.0894,0.135,0.1143,0.1091,0.1607,0.8085,0.542,0.1736,0.1762,0.069,0.0611,0.1694,0.274,0.4894,0.1631,0.1193,0.2328,0.354,0.1228,0.1863,0.199,0.2546,0.1084,0.1077,0.104,0.069,0.1048,0.0292,0.0358,0.0896,0.1261,0.0773,0.1359,0.2773,0.3406,0.9551,1.3338,0.3395,0.3526,0.4983,0.1036,0.0978,0.1659,0.115,0.2789,0.2737,0.2902
sub-kLat016,task-sline,run-1,0.016666666666666666,NA,0.198,0.5615,0.193,0.4286,0.1975,0.1218,0.032,0.0634,0.0728,0.0935,0.0508,0.048,0.108,0.12,0.4538,0.8945,1.1144,0.906,0.4548,0.5063,0.2139,0.0777,0.1336,0.098,0.1233,0.0808,0.147,0.0999,0.1855,0.1462,0.1395,0.1181,0.1474,0.2597,0.3922,0.6035,0.1699,0.1541,0.1467,0.078,0.1109,0.1673,0.0929,0.1133,0.0836,0.0407,0.0642,0.0886,0.1194,0.0363,0.1183,0.0497,0.1,0.2006,0.0878,0.0669,0.2,0.1913,0.074
sub-kLat016,task-sline,run-3,0.016666666666666666,NA,0.7827,1.2178,0.3556,0.6529,0.2784,0.1574,0.2574,0.1335,0.0666,0.1297,0.0428,0.0084,0.038,0.1328,0.156,0.2356,0.1357,0.6877,0.4498,0.1752,0.1654,0.147,0.1795,0.1155,0.1316,0.0802,0.0847,0.0834,0.1485,0.0499,0.1541,0.2481,0.194,0.415,0.6955,0.4563,0.2814,0.1908,0.0381,0.0439,0.0797,0.0981,0.1228,0.0989,0.0838,0.0958,0.2065,0.1091,0.1383,0.074,0.0834,0.071,0.0639,0.0526,0.0914,0.0962,0.1925,0.2006,0.3277
sub-kLat025,task-sline,run-4,0.016666666666666666,NA,0.0189,0.3171,0.7409,0.4921,0.9649,1.3604,0.6462,0.4573,0.3398,0.6146,0.1733,0.1939,0.446,0.1559,0.4257,0.3003,0.2136,0.3347,0.7271,0.2323,0.3754,0.0507,0.1924,0.4453,0.1522,0.1307,0.2472,0.148,0.275,0.393,0.1611,0.1165,0.0567,0.1336,0.41,0.1152,0.0729,0.1783,0.2333,0.1971,0.2308,0.1284,0.1388,0.2811,0.1815,0.31,0.7013,0.6852,0.1374,0.1383,0.1506,0.0699,0.1175,0.1735,0.0375,0.1513,0.4385,0.2354,0.1338
sub-kLat028,task-sline,run-4,0.016666666666666666,NA,0.8309,0.8771,0.5144,0.64,0.2899,0.302,0.3458,0.3682,0.8492,0.8837,0.6156,0.2996,0.1865,0.3731,0.6018,0.5199,0.8079,0.9946,0.4041,0.4239,0.3109,0.3119,0.7415,0.4255,0.244,0.277,0.1381,0.2202,0.5067,0.3305,0.1616,0.5586,0.8939,1.0686,0.4248,0.3223,0.2323,0.3203,0.4017,0.3004,0.2887,0.1488,0.2453,0.143,0.3308,0.3279,0.3369,0.4744,0.2072,0.0759,0.1306,0.1406,0.1738,0.2698,0.282,0.1109,0.3433,0.2473,0.4382
sub-kLat029,task-sline,run-1,0.016666666666666666,NA,0.2709,0.3,0.3437,0.6105,0.2952,0.3807,0.2246,0.0662,0.0582,0.059,0.031,0.0816,0.1161,0.059,0.9094,0.7398,0.9585,0.4843,0.3784,0.3738,0.588,0.218,0.0933,0.0366,0.0678,0.08,0.1349,0.0979,0.8607,1.508,0.7889,0.2027,0.2467,0.3268,0.4982,0.1132,0.1048,0.2143,0.1753,0.1137,0.0282,0.1331,0.5873,0.6647,0.3089,0.352,0.1656,0.2552,0.297,0.0665,0.072,0.0801,0.1593,0.2269,0.1417,0.0981,0.1379,0.1177,0.1692
sub-kLat015,task-sline,run-4,0.03333333333333333,NA,0.4733,0.5394,0.2144,0.2632,0.4661,0.6791,0.1483,0.0796,0.1283,0.1111,0.0811,0.0966,0.0752,0.0574,0.3933,0.4156,0.13,0.4786,1.0537,1.6645,0.7455,0.1333,0.097,0.114,0.117,0.0932,0.0879,0.1637,0.5141,0.9423,0.0908,0.4918,0.101,0.1416,0.141,0.1248,0.1463,0.1637,0.0788,0.1726,0.1841,0.4917,0.3588,0.6036,0.1356,0.4456,0.649,0.3952,0.1376,0.2451,0.0787,0.0432,0.0702,0.0851,0.0237,0.1194,0.1494,0.4323,0.8791
sub-kLat016,task-sline,run-2,0.03333333333333333,NA,0.0714,0.0754,0.0699,0.0814,0.1067,0.0799,0.1761,0.0955,0.0407,0.0418,0.0977,0.0555,0.043,0.0358,0.0549,0.1266,0.2459,0.7031,1.1701,1.9183,0.7154,0.0891,0.1089,0.0821,0.1583,0.1014,0.0676,0.0747,0.2195,0.2051,0.4753,0.4313,0.1097,0.4691,0.1306,0.0561,0.0607,0.1005,0.0534,0.0469,0.0929,0.0897,0.1771,0.1403,0.467,0.2933,0.1645,0.0762,0.0979,0.2136,0.6864,0.4387,0.0834,0.0468,0.0424,0.0385,0.2225,0.2752,0.2466
sub-kLat023,task-sline,run-2,0.03333333333333333,NA,0.1091,0.1962,0.1081,0.2483,0.396,0.5994,0.2323,0.102,0.0461,0.112,0.1035,0.1256,0.0738,0.1316,0.2305,0.2153,0.5524,0.4584,0.1627,0.2641,0.2534,0.0939,0.0901,0.1999,0.3685,0.1412,0.1569,0.12,0.0922,0.135,0.1438,0.1206,0.1456,0.1803,0.1022,0.1421,0.1055,0.1179,0.0652,0.0822,0.6278,1.3888,1.1115,0.3902,0.2146,0.1599,0.1352,0.1472,0.2336,0.2665,0.3522,0.2563,0.1181,0.3074,0.0605,0.0822,0.1092,0.1046,0.10780000000000001
sub-kLat023,task-sline,run-4,0.03333333333333333,NA,0.1152,0.134,0.13,0.0252,0.0184,0.073,0.1836,0.146,0.1027,0.0962,0.0779,0.3167,0.4947,0.3516,0.0594,0.066,0.0835,0.7414,1.0884,0.5719,0.2389,0.0997,0.1168,0.1079,0.1477,0.1149,0.0596,0.055,0.1141,0.1134,0.1297,0.2087,0.4889,1.0964,0.555,0.182,0.1197,0.0743,0.0651,0.1016,0.0789,0.0507,0.2417,0.623,0.3856,0.1969,0.2747,0.1136,0.0422,0.1811,0.2624,0.253,0.1853,0.0574,0.0882,0.1005,0.0902,0.1875,0.1314
sub-kLat034,task-sline,run-4,0.03333333333333333,NA,0.0654,0.2703,0.0886,0.186,0.1458,0.097,0.1109,0.4011,0.0816,0.1016,0.1562,0.1586,0.227,0.3156,0.363,0.3771,0.3963,0.1445,0.1649,1.1275,1.644,0.6104,0.5654,0.1258,0.1566,0.0689,0.1205,0.1371,0.4549,0.8233,0.3183,0.3039,0.6742,0.73,0.5188,0.2279,0.1582,0.3226,0.1482,0.2532,0.2524,0.0885,0.1998,0.2959,0.6016,0.2928,0.4296,0.4572,0.1724,0.0672,0.1761,0.1932,0.7197,0.7111,0.7512,0.2335,0.8387,0.8376,0.656
sub-kLat051,task-sline,run-1,0.03333333333333333,NA,0.0693,0.0811,0.0453,0.3347,0.6793,0.2944,0.4177,0.3614,0.6022,0.2632,0.177,0.1301,0.1046,0.3305,0.9133,0.9241,0.5017,0.0284,0.1276,0.6293,0.6806,0.2442,0.33,0.6089,0.1552,0.2599,0.186,0.1497,0.1776,0.267,0.408,0.2832,0.3491,0.7834,0.3084,0.357,0.2921,0.8114,3.0951,2.514,0.838,0.2784,0.3368,0.1978,0.9451,0.986,0.4906,0.1827,0.3389,0.3282,0.209,0.1578,0.0799,0.0479,0.0771,0.1452,0.2575,0.2488,0.43120000000000003
sub-kLat051,task-sline,run-4,0.03333333333333333,NA,0.1773,0.0973,0.3217,0.4049,0.4082,0.1971,0.5784,0.1982,0.1722,0.5516,0.4577,0.2355,0.0908,0.1066,0.0888,0.2058,0.6019,0.7407,1.0789,1.2348,0.6877,0.141,0.1144,0.2197,0.1408,0.076,0.1174,0.0915,0.2417,0.3093,0.4068,0.5888,0.527,0.4157,0.6701,0.1754,0.1207,0.2459,0.21560000000000001,0.2491,0.2888,0.0753,0.1625,0.1293,0.2675,0.3798,0.7422,0.1111,0.865,0.8907,0.1501,0.2232,0.6315,0.232,0.1428,0.1641,0.0708,0.2391,0.3292
sub-kLat003,task-sline,run-2,0.05,NA,0.2946,0.9015,0.6162,0.0693,0.0989,0.1463,0.3567,0.5764,0.1813,0.1496,0.1117,0.0643,0.1739,0.151,0.2526,0.6557,2.0641,1.9367,0.7592,0.5285,0.4804,0.2657,0.1578,0.1825,0.086,0.1779,0.0945,0.1387,0.3673,0.6624,0.4652,0.3387,0.4843,0.5307,0.3663,0.1722,0.6311,0.9915,0.6681,0.1617,0.4571,0.2897,0.5229,0.6328,0.1497,0.4143,1.0162,0.9044,0.5331,0.6101,0.0622,0.1963,0.1162,0.1355,0.255,0.1388,0.3435,0.4609,0.5577
sub-kLat013,task-sline,run-3,0.05,NA,0.3792,0.4929,0.1806,0.4208,0.1338,0.1755,0.1016,0.1601,0.1688,0.0647,0.155,0.1591,0.1715,0.108,0.1208,0.0518,0.083,0.1146,0.3312,0.5745,0.2512,0.3942,0.8054,0.5407,0.0772,0.2058,0.1776,0.1004,0.0832,0.0967,0.1033,0.1741,0.1213,0.0877,0.0893,0.054,0.0523,0.0601,0.0488,0.0553,0.0461,0.0937,0.393,0.2073,0.2327,0.7754,5.1608,9.4751,4.4361,0.3016,0.2231,0.1008,0.1927,0.3207,0.1632,0.1432,0.0742,0.0779,0.10780000000000001
sub-kLat013,task-sline,run-4,0.05,NA,0.0939,0.2286,0.3701,0.3717,0.5337,0.2458,0.0492,0.0821,0.3387,0.0459,0.0766,0.0952,0.2058,0.2949,0.0762,0.0335,0.0633,0.1136,0.9275,1.3058,0.4964,0.1177,0.1975,0.1386,0.1524,0.1254,0.0699,0.0556,0.0579,0.0785,0.0837,0.18,1.0224,1.7332,0.7721,0.1603,0.1305,0.1588,0.1312,0.167,0.1166,0.2058,0.6347,0.5487,0.4112,0.2359,0.1552,0.4363,0.5423,0.1599,0.088,0.0795,0.0793,0.0503,0.2004,0.6663,0.5076,0.1335,0.1741
sub-kLat015,task-sline,run-1,0.05,NA,0.1131,0.1687,0.1152,0.1304,0.0626,0.1251,0.0606,0.1068,0.0602,0.0509,0.0748,0.146,0.1755,0.0894,0.1018,1.5183,2.3824,0.877,0.1001,0.1116,0.1022,0.1289,0.0722,0.0595,0.088,0.0641,0.1224,0.152,0.4637,0.7419,0.3196,0.5413,0.6769,0.9518,0.8581,0.5294,0.2612,0.2164,0.185,0.0608,0.0525,0.1053,0.4548,0.9876,0.8307,0.1603,0.8088,0.7787,0.1574,0.3987,0.2211,0.1097,0.1062,0.1024,0.1537,0.1059,0.2675,0.3048,1.2453
sub-kLat036,task-sline,run-1,0.05,NA,0.8386,0.1847,1.1296,0.3105,0.718,0.3598,0.2273,0.1019,0.4926,0.2256,0.1188,0.1066,0.2797,0.1655,0.5985,0.4668,0.9789,1.7968,2.5567,0.5138,0.7376,0.2079,0.6898,0.1697,0.5995,0.1233,0.25,0.1237,0.5902,0.3205,0.8931,0.2883,0.3543,0.5327,0.8628,0.4193,0.5455,0.2531,0.8365,0.1575,0.2265,0.1444,0.4389,0.4573,0.3635,0.2418,0.8369,0.3855,0.5836,0.1685,0.8992,0.0744,0.2757,0.1965,0.6048,0.0708,0.6145,0.3638,0.4065
sub-kLat005,task-sline,run-1,0.06666666666666667,NA,0.2116,0.2347,0.1685,0.3993,0.6509,0.8226,0.4741,0.6367,0.5025,0.2489,0.0722,0.1771,0.1321,0.1426,0.4969,2.6222,3.6306,1.1402,1.3093,0.9018,0.823,0.8855,0.1127,0.2596,0.1372,0.0826,0.0741,0.11,0.216,0.3351,0.1595,0.3669,0.4124,0.1684,0.1251,0.4608,0.2057,0.1972,0.1365,0.1393,0.0752,0.1342,0.1108,0.3169,0.2991,0.206,0.6425,0.1912,0.09,0.49,0.0789,0.0402,0.0683,0.0988,0.087,0.2229,0.2512,0.222,0.1304
sub-kLat018,task-sline,run-3,0.06666666666666667,NA,0.0917,0.0792,0.1222,0.1383,0.1853,0.224,0.2455,0.1377,0.1522,0.1305,0.0508,0.1229,0.0924,0.135,0.3098,0.3257,0.4422,0.192,0.2011,0.2351,0.2274,0.2752,0.0981,0.1169,0.2179,0.1803,0.2302,0.1695,0.1893,0.1931,0.2106,0.2903,0.371,0.185,0.1053,0.1953,0.0983,0.1151,0.1624,0.1235,0.2086,0.2309,0.2658,0.9298,0.5847,0.1395,0.6619,0.8339,0.2995,0.5003,0.2286,0.186,0.0417,0.1106,0.7095,5.476,10.2564,4.8797,2.3803
sub-kLat022,task-sline,run-3,0.06666666666666667,NA,0.223,0.3645,0.1323,0.0908,0.5733,0.9634,0.6858,0.1884,0.1208,0.035,0.0871,0.0963,0.3982,0.0641,2.6415,3.1519,0.5277,0.9324,1.0925,0.5526,0.1156,0.0781,0.0542,0.3597,0.1932,0.1413,0.0802,0.0899,0.33,0.8435,1.254,0.9072,0.2258,0.1119,0.0843,0.0724,0.081,0.0612,0.0687,0.0581,0.0515,0.1083,0.0953,0.0594,0.1732,0.9139,0.6704,0.5802,0.457,0.0785,0.1068,0.1998,0.1352,0.128,0.2685,0.7154,0.5824,0.8458,0.367
sub-kLat029,task-sline,run-2,0.06666666666666667,NA,0.0628,0.1069,0.1292,0.1416,0.1549,0.0955,0.029,0.0269,0.0388,0.1069,0.086,0.034,0.1142,0.1569,1.0339,0.8842,1.7272,0.4829,0.1495,0.1899,0.119,0.1086,0.0942,0.067,0.0844,0.1022,0.0885,0.0994,0.6359,1.1567,0.1771,0.1451,0.079,0.128,0.0678,0.0828,0.0577,0.0674,0.0791,0.0859,0.1004,0.094,0.8161,1.1392,0.2432,0.4384,0.355,0.3241,0.1648,0.0668,0.053900000000000003,0.0429,0.0298,0.1117,0.0824,0.1831,0.3036,0.3126,0.2304
sub-kLat057,task-sline,run-2,0.06666666666666667,NA,0.2094,0.1983,0.152,0.1251,0.5291,1.0118,0.9033,0.1808,0.179,0.2804,0.1617,0.1089,0.0788,0.0976,0.2456,0.2547,0.1695,0.2475,0.5053,0.3206,1.8386,3.1651,1.2149,0.1784,0.4995,0.1852,0.1885,0.22,0.2071,0.2006,0.29,0.2554,0.2219,0.3183,0.3024,0.1174,0.0996,0.1542,0.6412,0.3294,0.1926,0.1708,0.1983,0.2112,0.2061,0.3702,0.5712,0.6127,0.1176,0.0596,0.1457,0.2552,0.5181,0.3357,0.261,0.1447,0.1659,0.1599,0.2238
sub-kLat058,task-sline,run-3,0.06666666666666667,NA,0.6307,1.1519,1.7172,0.7372,0.3382,0.1529,0.4737,0.1931,0.1982,0.1765,0.3496,0.2479,0.3723,0.3293,0.4219,0.1696,0.241,0.5462,1.448,1.1035,0.3166,0.4266,0.3495,0.299,0.2055,0.298,0.1435,0.2301,0.4926,0.2486,0.2217,0.3271,0.4283,0.1379,0.3513,0.2597,0.1889,0.5331,0.3453,0.0619,0.1417,0.2191,0.3199,0.2763,0.2699,0.25,0.2443,0.768,0.3145,0.1722,0.431,0.2548,0.2252,0.3284,0.2848,0.3509,0.2958,0.2024,0.1815
sub-kLat006,task-sline,run-1,0.08333333333333333,NA,0.0649,0.1229,0.1389,0.0715,0.1237,0.0987,0.1382,0.1054,0.0797,0.0412,0.0458,0.1191,0.0846,0.0566,0.0628,0.0797,0.3651,0.1792,0.222,0.1392,0.1405,0.0811,0.0799,0.1069,0.1064,0.4988,1.7821,1.3324,3.7583,7.8371,3.8165,0.6157,0.1794,0.1044,0.1185,0.0871,0.0908,0.072,0.0933,0.1197,0.0977,0.0805,0.1103,0.0719,0.0879,0.6349,0.9247,0.397,0.1286,0.4079,0.1836,0.0883,0.0513,0.0912,0.1385,0.075,0.0954,0.097,0.0951
sub-kLat015,task-sline,run-2,0.08333333333333333,NA,2.0653,2.7849,2.5188,2.3589,0.7213,0.2666,0.0521,0.0971,0.1652,0.1398,0.1386,0.1112,0.0284,0.0997,0.1671,0.6507,0.6061,0.2713,0.0631,0.1085,0.0802,0.0681,0.1047,0.052,0.1027,0.3271,0.5664,0.6767,0.2767,0.1919,0.1246,0.139,0.5616,0.2105,0.0686,0.1237,0.1213,0.0759,0.0803,0.3156,0.4012,0.1141,0.2241,0.3955,0.1192,0.0998,0.11,0.1258,0.1145,0.1032,0.092,0.0498,0.072,0.0667,0.082,0.0483,0.1757,0.1647,1.8941
sub-kLat025,task-sline,run-1,0.08333333333333333,NA,0.0683,0.2167,0.2516,0.6453,0.0864,0.2125,0.0761,0.1495,0.1542,0.2121,0.2676,0.5119,0.135,0.1764,0.3812,0.8205,1.4302,1.0991,0.3023,0.3025,0.2284,0.2166,0.0745,0.081,0.2584,0.2168,0.2153,0.133,0.097,0.1904,0.4993,0.1285,0.1883,0.1307,0.0796,0.0965,0.1304,0.1032,0.1074,0.0978,0.1346,0.1573,0.1855,0.4965,2.729,5.0443,2.0296,0.5252,0.7585,0.3375,0.1141,0.1207,0.1535,0.2808,0.0669,0.0401,0.3564,0.8124,0.4491
sub-kLat001,task-sline,run-1,0.1,NA,0.1597,0.2523,0.2415,0.1935,0.09,0.049,0.0999,0.0511,0.0628,0.0547,0.1302,0.0677,0.0359,0.0678,0.0954,0.3663,0.9406,0.7408,0.0332,0.0684,0.0707,0.082,0.0829,0.2186,0.2434,0.195,0.1126,0.1171,0.13,0.1566,0.1171,0.1821,0.1652,0.7274,1.5233,1.0954,0.3181,0.142,0.1249,0.0378,0.1424,0.1096,0.2114,0.3181,0.2783,0.2903,6.3752,11.9302,5.1676,1.467,0.3159,0.1406,0.0731,0.1299,0.1818,0.329,0.3577,0.6606,0.7878
sub-kLat001,task-sline,run-3,0.1,NA,0.2527,0.6343,0.6464,4.9572,9.8407,4.3366,0.8371,0.3078,0.2289,0.2094,0.1555,0.192,0.1575,0.2401,0.5646,0.8093,0.1495,0.1294,0.4275,0.2876,0.3086,0.2926,0.176,0.1028,0.102,0.1695,0.1461,0.0702,0.0909,0.0554,0.1047,0.9092,2.0538,4.4323,2.3904,0.3955,0.3083,0.0176,0.1365,0.15310000000000001,0.2,0.2936,0.5485,0.6894,0.2783,0.2079,0.1083,0.1778,0.1143,0.9176,0.9192,0.5584,0.0971,0.1128,0.4132,0.5719,0.265,0.4439,0.9047
sub-kLat002,task-sline,run-4,0.1,NA,0.4758,0.3485,0.9514,0.5485,1.1891,1.2277,0.8774,0.2381,0.3004,0.754,0.1648,0.0426,0.0845,0.1739,0.3785,0.4151,0.8594,0.6675,0.5175,0.1867,0.1384,0.248,0.4223,0.1222,0.2707,0.3566,0.1921,0.4586,0.4637,0.4198,0.1885,0.1882,0.1795,0.0677,0.1943,0.1141,0.123,0.0819,0.0432,0.0519,0.1002,0.1056,0.1663,0.2599,0.6287,1.2571,3.4998,4.1231,1.1137,0.2032,0.1395,0.0651,0.2397,0.2812,0.226,0.2246,0.2282,0.4713,0.5347
sub-kLat005,task-sline,run-2,0.1,NA,0.3321,0.2259,0.207,0.4973,0.6473,1.3535,0.475,0.361,0.3646,0.2301,0.3634,0.4569,0.2014,0.1194,0.5902,0.628,0.2139,0.3279,0.4229,0.8411,0.22,0.1517,0.0224,0.2816,0.061,0.111,0.1173,0.1157,0.4041,0.6252,0.6222,0.9559,1.2646,0.9844,0.8389,0.4895,0.3485,0.6139,0.3168,0.1878,0.1228,0.4005,0.5468,1.3046,2.0452,1.469,1.1695,0.4134,0.3163,0.6954,0.2803,0.1313,0.1285,0.3544,0.1366,0.1296,0.2652,0.4006,0.6436
sub-kLat005,task-sline,run-4,0.1,NA,0.3079,0.6657,1.0613,0.8501,0.1733,0.332,0.1933,0.1807,0.3663,0.9179,1.606,0.9087,0.1751,0.1364,1.0493,1.2275,0.3374,0.2631,0.7306,0.8642,0.6677,0.5316,0.6484,0.0757,0.1055,0.0857,0.0947,0.2477,0.5445,0.4567,0.8434,0.9394,1.4135,0.7561,0.2609,0.4862,0.2718,0.3544,0.7438,0.4433,0.0983,0.087,0.2267,0.6216,0.7829,0.2559,0.5191,0.7638,0.5386,0.492,0.2792,0.23,0.1102,0.0738,0.0815,0.1465,0.3709,0.6699,1.1185
sub-kLat012,task-sline,run-3,0.1,NA,0.1353,0.092,0.2355,0.2382,0.1562,0.4518,0.443,0.2522,0.3199,0.1997,0.4598,0.0962,0.2595,0.3004,0.1938,0.1678,0.4204,0.1191,0.0972,0.2452,0.2067,0.5935,0.2871,0.9069,0.2783,0.45,0.9642,1.2737,0.7393,0.2059,0.2093,0.3326,1.2508,5.3963,6.4183,2.4168,0.5365,0.2444,0.5759,0.2791,0.3725,0.1377,0.5215,0.7089,0.6358,0.2739,0.4846,0.7573,0.3849,0.0736,0.018,0.0744,0.1669,0.3702,0.1827,0.1667,0.3953,0.3359,1.0091
sub-kLat022,task-sline,run-1,0.1,NA,0.1203,0.1031,0.1659,0.1241,0.2327,0.1888,0.1666,0.0379,0.0293,0.0338,0.0582,0.0272,0.0453,7.2929,9.0953,3.8849,2.7727,0.5342,0.7438,0.5542,0.2007,0.0672,0.0649,0.0237,0.0654,0.0604,0.4435,0.1278,0.1058,0.0917,0.092,0.0568,0.0701,0.0823,0.0825,0.0534,0.1001,0.0677,0.072,0.0308,0.1924,0.0646,0.1696,0.4095,0.3149,0.4046,2.7557,3.0771,0.3651,0.117,0.2153,0.1378,0.1145,0.1339,0.0895,0.1123,0.1837,0.506,0.397
sub-kLat001,task-sline,run-2,0.11666666666666667,NA,1.4949,1.0695,0.9483,0.2283,0.5521,0.4374,0.7383,0.916,0.3096,0.7483,0.8686,1.1462,0.9396,0.2726,0.095,0.0783,0.1992,0.2038,0.1475,0.1349,0.2135,0.1652,0.0839,0.009,0.0437,0.0533,0.1833,0.0868,0.1043,0.0995,0.0408,0.0612,1.4859,1.8482,0.5456,0.732,0.2069,0.1051,0.1089,0.0516,0.5557,1.7784,1.3552,0.4024,0.1021,0.115,0.1553,0.2012,0.4931,0.5239,0.4428,0.2431,0.946,0.8813,0.2724,0.1579,0.3346,0.3031,0.291
sub-kLat002,task-sline,run-3,0.11666666666666667,NA,0.1639,0.1554,0.5801,0.8854,0.3191,0.1274,0.0583,0.111,0.1387,0.5469,1.0372,1.052,0.3864,0.1612,0.6091,0.4555,0.8215,0.8939,0.9455,0.2925,0.322,0.1503,0.1708,0.0671,0.0773,0.0618,0.1112,0.212,0.2534,0.3761,0.6095,0.8365,0.395,0.1456,0.352,0.2622,0.1051,0.0969,0.1288,0.1515,0.1494,0.2085,0.3066,0.2548,0.2048,0.7115,1.552,0.9181,0.2979,0.1841,0.2424,0.0385,0.0715,0.1202,4.4968,5.9501,3.9593,2.212,0.7992
sub-kLat005,task-sline,run-3,0.11666666666666667,NA,0.4526,0.6667,0.8848,0.6007,0.8227,0.4909,0.585,0.3522,0.247,0.1309,0.1309,0.0984,0.0827,0.1589,0.2485,1.0002,1.494,1.0471,2.4023,1.2744,0.4886,0.1497,0.123,0.3415,0.2532,0.3198,0.2432,0.1583,0.4076,0.2129,0.1292,0.541,0.6684,0.447,0.98,0.3829,0.1668,0.2739,0.498,0.3907,0.3688,0.1549,0.127,0.3674,0.739,0.335,0.3177,0.6535,0.4184,0.467,0.2168,0.124,0.0987,0.0555,0.0466,0.1118,0.4233,1.2726,1.4191
sub-kLat015,task-sline,run-3,0.11666666666666667,NA,0.6839,2.7213,3.242,2.7374,2.5216,1.2017,0.4411,0.229,0.2483,0.3846,0.1224,0.1188,0.1204,0.2924,0.1857,0.9053,1.0996,0.2834,0.4326,0.1958,0.0579,0.1457,0.2481,0.3291,0.2472,0.1412,0.1475,0.1319,0.1948,0.4326,0.0617,0.409,0.2776,0.5681,0.2341,0.3236,0.1347,0.1758,0.0942,0.1007,0.1296,0.1708,0.1075,0.1751,0.114,0.1267,0.5683,1.0393,0.5436,0.2152,0.4783,0.2161,0.0692,0.1177,0.112,0.1679,0.2453,0.4277,0.4936
sub-kLat028,task-sline,run-1,0.11666666666666667,NA,0.4377,0.6928,0.5849,0.6214,1.0712,1.3257,1.0142,0.2207,0.3997,0.6828,0.2563,0.2486,0.3028,0.051,1.3638,2.5472,0.9372,0.9743,0.9585,0.5585,0.3847,0.0685,0.3375,0.1725,0.4042,0.8587,0.7287,0.277,0.2155,0.9605,1.6465,0.6392,0.2645,0.4956,0.6891,0.1251,0.1535,0.1442,0.3653,0.8737,0.8164,0.4741,1.1103,0.6691,0.8296,0.4637,0.1306,0.5329,0.8797,0.2505,0.541,0.4827,0.6153,0.6048,0.1354,0.1789,0.6053,0.6133,0.5749
sub-kLat051,task-sline,run-3,0.11666666666666667,NA,0.2016,0.1833,0.2641,1.1132,1.7512,0.9981,0.205,0.6418,0.7821,0.6927,0.3527,0.5417,1.0104,0.808,0.3953,0.5471,0.4152,0.316,0.8884,0.9679,0.7761,0.4105,0.287,0.1591,0.1145,0.1353,0.1007,0.1213,0.4418,0.6962,0.3525,0.44,0.672,0.4406,0.2745,0.2613,0.3293,0.212,0.2031,0.4479,0.427,0.2183,0.3091,0.2064,0.2026,0.2089,1.0748,1.0152,3.6133,3.0984,0.5186,0.1848,0.1669,0.2216,0.1692,0.6461,0.7453,0.5056,0.2246
sub-kLat059,task-sline,run-3,0.11666666666666667,NA,0.3328,0.5296,1.2169,0.5393,0.1065,0.138,0.2111,0.15,0.3281,0.30620000000000003,0.1338,0.2007,0.3392,0.1564,0.6423,1.4408,0.7923,0.1879,0.2376,0.258,0.3386,0.2828,0.201,0.2787,0.1563,0.1046,0.3951,0.1418,0.2724,0.4465,0.1996,0.2786,0.606,0.2414,0.1612,0.1311,0.1004,0.0869,0.1003,0.1053,0.1024,0.0478,0.1161,1.4208,2.6701,1.4015,0.6837,1.3683,1.9884,0.6239,0.1436,0.1359,0.109,0.1327,0.1418,0.1902,0.2732,0.6644,0.5259
sub-kLat001,task-sline,run-4,0.13333333333333333,NA,5.5958,5.8599,0.8458,1.7457,2.6349,1.6357,0.463,0.1817,0.1893,0.1527,0.2769,0.1727,0.1859,0.2434,0.1925,0.431,0.4023,0.2179,0.4042,0.1425,0.1663,0.0733,0.0709,0.1084,0.1294,0.112,0.067,0.0757,0.1429,0.1817,0.19,1.7348,2.255,0.6034,0.8121,0.4847,0.4341,0.3898,0.3534,0.5852,0.4505,0.0834,0.2224,0.207,0.1172,0.1936,0.1363,0.0623,0.1891,0.5598,1.1278,0.8674,0.4238,0.1823,0.1478,0.1627,0.0736,0.1474,0.1374
sub-kLat003,task-sline,run-3,0.13333333333333333,NA,0.2075,0.2184,0.3759,0.5102,0.2457,0.1214,0.1934,0.2033,0.0729,0.1008,0.1578,0.0953,0.3736,0.1788,0.3451,0.3641,0.5902,0.863,0.1923,0.1775,0.3727,0.0848,0.1313,0.0866,0.3272,0.85,1.0427,0.495,0.7,0.6141,0.1949,0.44,0.4195,0.2755,0.1986,0.1453,0.0746,0.4471,0.1494,0.1006,0.1228,0.1282,0.3213,1.0945,1.3523,2.3984,2.0203,0.1747,0.1411,0.1706,0.125,0.4792,0.0965,0.0598,0.2262,0.1351,2.297,6.3015,5.2906
sub-kLat013,task-sline,run-5,0.13333333333333333,NA,0.2471,0.1577,0.1639,0.1349,0.1005,0.2256,0.1284,0.1344,0.2225,0.5781,0.7274,0.4311,0.1491,0.109,0.0857,0.2198,0.079,0.2507,3.3561,6.4872,2.8098,0.6205,0.2961,0.146,0.2437,0.2798,0.2828,0.2355,0.1565,0.1161,0.1407,0.0713,0.1063,0.078,0.0686,0.1794,0.2246,0.1538,0.0956,0.0256,0.0697,0.176,0.18,0.2201,0.1131,0.0788,0.1091,2.3319,3.6893,1.8481,0.7211,0.4291,0.5129,0.0856,0.2555,1.0459,1.278,0.8238,0.4513
sub-kLat019,task-sline,run-2,0.13333333333333333,NA,0.0766,0.1044,0.0783,0.1926,0.1522,0.1117,0.0847,0.0646,0.3795,0.8827,0.8169,0.462,0.3597,0.3414,0.2119,0.0994,0.1352,0.1197,0.1427,0.0684,0.1543,0.068,0.1231,0.0825,0.1988,0.0916,0.3663,0.0851,0.0714,0.0893,0.1271,0.2257,0.2084,0.1573,0.8322,1.3274,0.9385,1.5701,9.9508,10.9252,1.1677,0.182,0.1452,0.1744,0.2655,1.8246,1.6871,2.7084,0.5806,0.2059,0.1935,0.0542,0.0499,0.0983,0.131,0.1075,0.1344,0.1686,0.1763
sub-kLat027,task-sline,run-4,0.13333333333333333,NA,0.2426,0.1349,0.2155,0.2673,0.4936,0.1947,0.6817,0.1859,0.2696,0.103,0.0592,0.0665,0.0678,0.1176,0.6827,1.0769,0.9478,0.2949,0.1043,0.2236,0.1637,0.2975,0.4801,0.3134,0.7802,1.2449,0.5911,0.2748,0.7755,2.1754,1.5243,0.2451,0.4354,0.2494,0.2317,0.5295,0.2097,0.2316,0.2594,0.2268,0.1471,0.2321,1.1531,1.4689,0.819,1.0814,0.1937,0.4603,0.23,0.1249,0.3217,0.333,0.6594,0.3673,0.6763,0.8728,0.4825,0.7066,1.1978
sub-kLat028,task-sline,run-3,0.13333333333333333,NA,1.694,2.1471,1.5708,1.1591,0.8467,0.442,0.2322,0.2195,0.263,0.1281,0.4397,0.4449,0.1826,0.1594,0.2763,0.4561,0.4735,0.825,0.2978,0.6351,0.4539,0.2365,0.1483,0.1311,0.1678,0.246,0.2441,0.1224,0.1958,0.3777,0.6419,0.2732,0.3492,0.2038,0.2094,0.282,0.3821,0.2008,0.1505,0.1095,0.0696,0.1288,0.462,0.9711,0.574,1.5909,3.1545,7.6652,3.5274,0.9631,0.148,0.2363,0.5402,0.1211,0.2176,0.196,0.2027,0.4859,0.7942
sub-kLat029,task-sline,run-3,0.13333333333333333,NA,0.0947,0.154,0.1964,0.524,0.9127,0.6223,0.195,0.1878,0.0536,0.2181,0.1639,0.0802,0.1354,0.1151,0.3233,0.3717,0.294,0.2587,0.5267,1.1671,0.6756,0.152,0.0606,0.0793,0.0501,0.0877,0.0393,0.0543,0.0695,0.2001,0.2401,0.0702,0.1216,0.0731,0.0115,0.0448,0.0901,0.9141,1.5801,1.412,0.5712,0.414,0.8413,2.59,2.0413,0.5388,0.1274,0.0462,0.0592,0.0526,0.0776,0.0829,0.0579,0.0679,0.1044,0.1077,3.1051,6.1583,3.2936
sub-kLat034,task-sline,run-3,0.13333333333333333,NA,0.2984,0.8751,0.783,0.4655,0.9147,0.5497,0.0691,0.1578,0.1935,0.1342,0.1619,0.4639,0.5333,0.1365,0.4114,0.4518,0.8653,0.7813,1.334,0.448,0.5569,0.2368,0.2828,0.3623,0.4542,0.2236,0.431,0.761,0.3112,1.0379,1.1312,0.7651,0.4291,0.7249,0.2537,0.7646,1.6445,1.1523,0.4315,0.7827,0.727,0.4476,0.5056,0.8383,2.7968,4.8916,2.7391,0.6206,0.852,0.7974,0.4195,0.2511,0.4775,0.2867,0.2938,0.1879,0.5647,0.7341,0.7919
sub-kLat036,task-sline,run-2,0.13333333333333333,NA,0.2164,0.1469,0.115,0.7027,1.2728,0.3195,0.2926,0.2745,0.8369,0.2014,0.9611,0.3018,0.4463,0.2862,3.1983,0.5337,4.9578,0.8343,2.4573,0.0242,0.6724,0.0551,0.159,0.1221,0.1658,0.1609,0.1804,0.0786,0.3958,0.2737,0.1484,1.0238,0.3913,0.3168,1.5655,0.1771,0.5659,0.627,0.3806,0.5207,0.6533,0.5377,0.7329,0.4981,1.0282,0.3751,1.2286,0.4341,0.3557,0.1288,0.2236,0.1084,0.5821,0.3006,0.7875,0.0733,0.4369,0.2608,0.1613
sub-kLat051,task-sline,run-2,0.13333333333333333,NA,0.3197,0.1491,0.4864,0.5517,1.0556,1.2044,1.9426,0.9585,0.8253,0.1254,0.2252,0.2595,0.5449,0.5734,0.4227,0.2589,0.2076,0.422,0.6584,1.8831,2.2168,2.0153,2.4247,0.5636,0.3829,0.0653,0.1221,0.2667,0.6559,1.3765,0.2585,0.1715,0.561,0.7005,0.7434,0.5469,0.2526,0.1147,0.249,0.1634,0.3924,0.7393,0.5604,0.7083,0.5732,0.2545,0.297,0.9169,0.5849,0.6508,0.6534,0.24,0.2032,0.6964,0.9423,0.2898,0.2312,0.159,0.1474
sub-kLat022,task-sline,run-4,0.15,NA,0.1368,0.867,0.7219,2.4023,5.6164,3.4178,0.2193,0.4873,0.0692,0.028,0.0437,0.0564,0.0564,0.0421,0.6179,0.8025,0.2084,0.3719,0.1246,0.0928,0.0942,0.0667,0.0759,0.0528,0.0381,0.0441,0.0318,0.0469,0.1119,1.0407,0.9611,1.119,1.8347,1.4662,0.8755,0.1479,0.1113,0.0564,0.07,0.0494,0.082,0.171,0.5904,0.7525,0.6454,0.2863,0.1312,0.0794,0.1424,0.0919,0.0782,0.0356,0.0526,0.0089,0.1036,0.1483,0.2625,1.0676,1.8638
sub-kLat032,task-sline,run-4,0.15,NA,0.5326,0.9362,1.8736,2.927,1.2979,7.0596,18.5519,1.426,0.2839,0.1603,0.0732,0.0453,0.1827,0.1453,0.5437,0.8741,0.5789,0.2805,0.1369,0.256,0.4151,0.2573,0.3409,0.2328,0.0732,0.1573,0.0756,0.0524,0.3387,0.2502,0.1166,0.5202,0.6415,0.1432,0.2421,0.2285,0.0557,0.0851,0.0713,0.0564,0.0687,0.053900000000000003,0.2147,5.1923,3.7312,1.4723,0.3483,0.2103,0.2951,0.1223,0.097,0.0443,0.0899,0.0763,0.0953,0.0592,0.2147,0.1252,0.2447
sub-kLat050,task-sline,run-1,0.15,NA,0.1852,0.2117,0.4205,0.9058,1.9479,1.2565,0.336,0.1457,0.1062,0.2689,0.0708,0.042,0.1369,0.1608,1.299,2.4543,1.488,0.3716,0.5488,0.2321,0.6452,0.2005,0.1103,0.1257,0.1603,0.138,0.1392,0.1052,0.3175,0.9452,0.9641,1.566,1.1451,0.2761,0.2939,0.27,0.844,0.7509,0.3895,0.402,0.2031,0.1652,0.3258,0.5609,1.6492,1.2935,0.1413,0.5365,0.5743,0.483,0.4652,0.1959,0.195,0.1009,0.1066,0.1887,0.3924,0.2652,0.4339
sub-kLat012,task-sline,run-1,0.16666666666666666,NA,0.2221,0.1774,0.2144,0.5425,1.6554,1.8236,0.9147,0.2024,0.0798,0.0582,0.1458,0.1973,0.2441,0.6239,0.2142,0.1684,0.1197,0.9115,1.4856,2.6316,2.0118,1.0261,0.2602,0.2221,0.1125,0.0699,0.2408,0.0654,0.3643,0.5786,1.268,0.4066,0.1614,0.1384,0.3086,0.186,0.1386,0.1462,0.1356,0.0937,0.1859,0.5211,0.1412,0.192,0.3555,0.4003,0.541,1.2739,0.4814,1.5987,0.9516,0.4905,0.276,0.1922,0.2869,0.7343,0.303,0.3264,9.8666
sub-kLat050,task-sline,run-5,0.16666666666666666,NA,0.3441,0.7333,0.5685,0.7209,0.8596,0.4309,0.3091,0.2581,0.2802,0.2151,0.4411,0.1953,0.269,0.1409,0.2004,0.4717,0.2378,0.8066,0.2654,0.1591,0.6218,0.0889,0.0131,0.1256,0.0717,0.1039,0.2447,0.1963,0.2846,0.2057,0.4783,0.2858,0.3683,0.5639,0.1372,0.0981,0.0793,0.1156,0.2025,0.2391,0.2054,0.1067,0.1009,0.0651,0.1754,1.4006,2.7222,3.4242,1.4891,1.5688,2.0618,1.5019,3.8929,2.7198,2.1674,0.073,0.462,0.6088,0.3831
sub-kLat009,task-sline,run-3,0.18333333333333332,NA,0.4623,0.6891,0.3172,0.2664,0.4671,1.0476,1.9137,1.5507,0.7392,0.7362,0.8337,0.2147,0.1921,0.1163,0.6472,0.7439,0.5005,0.2988,0.6377,0.2101,0.7207,1.4669,0.7656,0.3133,0.0931,0.2611,0.6158,0.2598,1.5447,2.4963,0.572,0.9736,1.1895,0.873,0.6424,0.159,0.1398,0.2164,0.3415,0.1038,0.1448,0.281,0.7454,1.3787,0.3799,0.3081,0.3439,0.2202,0.9736,1.1887,0.1498,1.2521,1.6415,0.1899,0.2067,0.5941,0.5989,0.4607,0.4152
sub-kLat013,task-sline,run-1,0.18333333333333332,NA,0.8245,0.7764,2.137,2.0769,7.7346,4.3876,0.7388,0.8618,0.1186,0.0979,0.1992,0.2645,0.4285,0.2336,0.132,0.0955,0.1741,0.1749,0.2269,0.1795,0.1594,0.1142,0.0948,0.1094,0.0429,0.0875,0.0976,0.0966,0.3194,0.5889,0.9124,4.7838,7.9487,2.0876,3.1051,0.2312,0.1228,0.1647,0.4195,0.0609,0.7195,1.8035,1.8078,0.6198,0.305,0.3427,0.317,0.3951,1.0223,0.4958,0.2244,0.1052,0.0838,0.1182,0.0995,0.1133,0.2231,0.3648,0.7306
sub-kLat020,task-sline,run-4,0.18333333333333332,NA,0.1665,0.2152,1.0577,1.772,1.2641,0.1829,0.0609,0.0411,0.0995,0.0604,0.105,0.0426,0.0602,0.0912,0.1101,0.0974,0.0881,0.3819,0.6845,0.5903,1.1288,1.0076,0.4243,0.5542,0.1979,0.2993,0.4098,0.3397,1.2096,2.3097,1.1457,1.1839,2.686,1.4723,0.3482,0.4983,0.1108,0.352,0.0361,0.0825,0.065,0.2153,0.0737,0.1529,0.3305,0.4744,0.6013,0.453,0.1416,0.0775,0.0914,0.0427,0.0827,0.043,0.051,0.1288,0.1082,0.0799,0.1286
sub-kLat028,task-sline,run-2,0.18333333333333332,NA,0.1234,0.2748,0.338,0.2731,0.3001,0.1876,0.3195,0.246,0.1125,0.072,0.1125,0.1471,0.1361,0.148,0.3499,1.0444,1.1441,0.2866,2.8245,2.3038,1.8517,1.447,0.4527,0.2995,0.1996,0.2964,0.1792,0.2146,0.3861,1.0614,0.5821,0.1426,0.125,0.0931,0.407,0.2743,0.1972,0.0822,0.1406,0.4447,0.1705,0.1483,0.228,0.332,1.505,1.5209,2.3026,1.1557,0.2677,0.1826,0.1833,0.4692,0.0975,0.1174,0.2736,0.1734,0.2996,0.5425,0.654
sub-kLat032,task-sline,run-3,0.18333333333333332,NA,1.6427,2.0295,0.2572,0.4111,0.618,1.7649,0.9845,0.1565,0.1422,0.1317,0.1593,0.2023,0.082,0.1038,0.133,0.1822,0.124,0.1521,0.1067,1.2419,12.786,27.7063,13.8256,0.8011,0.8782,0.1418,0.1086,0.2609,0.1396,0.5094,0.6561,0.8034,7.9023,8.3958,1.8448,0.3449,0.2313,0.2768,0.4586,0.2711,0.2082,0.0772,0.2446,0.2854,0.5521,0.2648,0.7591,0.9172,0.6585,1.0427,0.5097,0.1887,0.1387,0.1667,0.1467,0.1218,0.2469,0.1948,0.3977
sub-kLat038,task-sline,run-4,0.18333333333333332,NA,0.3047,0.5803,0.3854,0.6877,13.3599,9.9104,0.7098,0.1703,0.1104,0.2244,0.1345,0.1419,0.1401,0.1755,0.9788,0.2842,0.4581,0.651,19.9039,16.9094,0.8227,0.1561,0.1409,0.1745,0.0818,0.1274,0.0611,0.0621,0.524,0.4321,3.3633,1.638,1.5925,2.1818,1.4799,0.422,0.2661,0.1269,0.1019,0.17,0.0981,1.6202,1.1196,0.7678,0.248,0.4488,0.5878,0.3768,0.2285,0.2183,0.1381,0.2001,0.2237,0.1745,0.1148,0.1259,0.5707,0.4323,0.2763
sub-kLat050,task-sline,run-2,0.18333333333333332,NA,0.1818,0.1657,0.2398,0.3314,0.285,0.2569,0.3283,0.2966,0.5241,0.0414,0.2375,0.1746,0.0854,0.0643,0.4494,0.6998,0.7779,0.8152,0.30620000000000003,0.3939,0.3641,0.1845,0.4744,0.2027,0.1333,0.2752,0.1159,0.0981,0.3826,5.0712,9.2656,5.9278,4.3179,5.1732,4.1835,0.6812,0.5313,0.5371,0.6428,0.1498,0.0684,0.1324,0.1159,0.0925,0.3276,0.3219,1.2156,6.2876,15.4668,9.2676,1.2534,0.5608,0.3389,0.2024,0.4638,0.1681,0.1736,0.4099,0.345
sub-kLat010,task-sline,run-2,0.2,NA,0.9473,1.2973,0.8087,0.6851,0.8309,0.4661,0.4264,0.5789,0.4092,1.2379,0.6703,0.5185,0.2904,0.1652,0.3332,0.2753,0.6999,0.8502,0.7198,0.464,0.5504,0.8265,0.1402,0.1068,0.2091,0.1863,0.1809,0.2238,0.1208,0.1323,0.1649,0.096,1.1219,2.1128,1.2683,0.4544,0.144,0.3852,0.6037,0.2331,0.5183,0.7605,0.9932,4.2274,7.5925,6.8318,3.5206,8.979,10.0308,2.9025,0.4896,0.3371,0.2553,0.133,0.4277,0.6816,0.307,0.2404,0.558
sub-kLat012,task-sline,run-2,0.2,NA,2.4397,4.1366,11.0017,7.3902,1.0711,0.2746,0.9663,0.8158,0.3482,0.1824,0.1678,0.2332,0.3702,0.378,0.232,0.1595,0.2101,0.3181,0.2171,1.0135,1.7434,4.1985,3.1357,0.7064,0.177,0.1042,0.1781,0.1092,0.0646,0.1803,0.1552,0.1062,0.1472,0.1647,0.6267,1.1114,0.4022,0.1849,0.051,0.1104,0.1558,0.0479,0.2343,0.2696,0.2459,1.1127,0.8118,0.1843,0.4959,0.1474,0.1382,0.1142,0.5749,1.2106,0.6759,0.162,0.1394,0.1219,0.6597
sub-kLat025,task-sline,run-3,0.2,NA,0.1332,0.2773,2.3304,3.4436,0.8118,0.1807,0.1058,0.0802,0.1271,0.1841,0.292,0.1359,0.167,0.1106,0.4393,0.1786,0.278,0.503,2.0529,3.2921,1.9768,2.0563,1.4426,0.5872,0.4373,0.1929,0.3073,0.4837,0.7714,1.6273,1.0228,0.0876,0.1449,0.4547,0.1821,0.241,0.2405,0.1883,0.2,0.1724,0.1839,0.1641,0.1326,0.2157,0.2437,0.2852,0.3194,0.2101,0.1212,0.1823,0.1212,0.0647,0.0532,0.0837,0.175,0.24,1.4364,2.6657,1.5704
sub-kLat057,task-sline,run-1,0.2,NA,0.2187,0.3275,0.1198,1.3051,1.7341,0.6043,0.3681,0.2801,0.1451,0.2773,0.1654,0.3598,0.0738,0.1683,0.2372,0.2947,1.3049,0.8076,1.46,0.9695,0.9673,0.5049,0.2174,0.2217,0.1348,0.1434,0.1539,0.1352,0.1536,0.9436,1.6704,0.6317,2.1082,2.7592,0.8133,0.2032,0.178,0.1255,0.1159,0.1612,0.3285,0.5022,6.406,8.2876,1.1796,2.1714,2.6294,0.3994,0.1878,0.153,0.1758,0.3073,0.3505,0.0671,0.0735,0.1356,0.2689,0.4309,0.8564
sub-kLat059,task-sline,run-4,0.2,NA,0.0999,0.5044,0.3166,0.1176,0.3579,4.435,7.1997,2.5084,0.6479,0.3273,0.165,0.4303,0.2078,0.5065,3.0613,5.3785,2.4922,0.7752,3.0247,7.4626,4.9889,1.6376,0.8329,0.1511,0.1062,0.163,0.0904,0.1905,1.8381,2.8772,0.8505,0.2843,0.6181,0.2618,0.2329,0.2683,0.3235,0.5591,0.1314,0.3002,0.1842,0.1175,0.2603,0.5465,0.4704,0.1721,0.4573,0.2372,0.5351,0.1195,0.2134,0.271,0.5013,0.2393,0.1677,0.1538,0.2222,0.2361,0.1209
sub-kLat019,task-sline,run-1,0.21666666666666667,NA,2.9483,3.5271,1.3353,0.8061,0.7674,0.5159,0.4095,0.1485,0.1169,0.1332,0.1423,0.1364,0.4579,0.2563,0.1682,0.1027,0.136,0.5771,1.1923,0.7917,0.085,0.0954,0.1105,0.1768,0.0985,0.084,0.1305,0.1485,0.1057,1.4694,1.7236,3.9836,2.389,0.7176,0.3907,0.1713,0.0696,0.1333,0.0663,0.1752,0.2227,0.397,1.043,0.9744,0.2702,0.0768,0.0626,1.4027,1.5756,2.6924,1.2798,0.7782,0.1432,0.182,0.2293,0.1829,0.4144,0.1952,0.214
sub-kLat020,task-sline,run-3,0.21666666666666667,NA,1.0635,1.4101,0.0893,0.1857,0.1174,0.1258,0.0842,0.053900000000000003,0.0463,0.0495,0.4678,0.0674,0.1662,0.0976,0.152,0.1441,0.0847,0.3352,0.1538,0.1371,0.154,0.0771,0.0723,0.0517,0.059,0.0333,0.0368,1.0019,1.815,2.4286,1.0133,0.5095,0.528,0.7181,0.8043,0.1771,0.4105,0.0854,0.0884,0.1203,0.0895,0.1288,2.2705,3.5851,1.4368,1.7863,1.6216,0.9934,0.5259,0.1288,0.0498,0.1409,0.0983,0.0974,0.0905,0.1689,0.1274,1.6994,3.0469
sub-kLat022,task-sline,run-2,0.21666666666666667,NA,0.0997,0.1285,0.2323,6.7386,12.1751,6.8324,0.9567,0.132,0.1139,0.0379,0.0856,0.1079,0.0944,0.1485,0.3789,14.8435,28.0225,12.7249,1.3607,0.5183,0.2451,0.3312,0.0591,0.0268,0.0627,0.0893,0.0987,0.0828,0.1602,0.0922,1.7606,4.8226,5.9603,3.1344,0.4071,0.3326,0.1809,0.1342,0.08,0.0319,0.0814,0.3582,0.1292,0.0877,0.1873,0.209,0.2339,0.1695,0.1985,0.1307,0.0582,0.0211,0.0899,0.1606,0.4195,0.1625,0.6147,9.1149,15.0142
sub-kLat038,task-sline,run-1,0.21666666666666667,NA,1.7856,3.5629,1.0629,0.8307,0.4586,0.8963,0.2391,0.322,0.9281,0.3831,0.2772,0.106,0.2286,0.1882,1.0549,1.93,1.3342,0.5683,1.1414,0.5911,0.529,0.925,0.4436,0.0774,0.1373,0.1155,0.2266,0.3403,0.5588,0.8924,2.2615,1.2417,0.6395,0.2762,0.4685,0.2095,0.1023,0.1612,0.2405,0.1573,0.1777,0.2454,0.2385,0.3399,0.2245,1.488,3.7267,3.1908,1.2953,0.3225,0.2461,0.0691,0.0741,0.1909,0.1291,0.2042,0.2921,0.6372,0.1867
sub-kLat032,task-sline,run-2,0.23333333333333334,NA,0.6958,5.8113,6.9995,7.1562,11.5416,13.8036,6.0339,0.9988,0.4709,0.0787,0.1974,0.1614,0.1323,0.1559,0.4341,0.2771,0.4163,0.8472,7.1876,2.2153,2.2103,0.6232,0.312,0.0993,0.5872,0.1933,0.2209,0.2177,0.2337,1.1742,0.5837,0.1956,0.8896,0.2481,0.2073,0.1074,0.1602,0.1287,0.153,0.1513,0.4786,0.2403,0.4071,0.4507,0.3822,12.3698,3.802,12.6308,1.0658,0.8187,0.5539,0.1706,0.0613,0.1661,0.1802,0.2091,0.3205,0.5539,0.4024
sub-kLat038,task-sline,run-2,0.23333333333333334,NA,0.9791,1.6424,0.8762,0.4384,0.4301,1.4849,2.4638,1.0702,0.1231,0.085,0.3705,0.1159,0.1019,0.1686,3.9163,6.2587,2.6993,3.4667,0.6665,1.8534,3.6156,1.0002,0.9698,0.6244,0.2959,0.0553,0.0834,0.1431,0.4223,0.7896,0.21,0.1963,0.2624,0.2662,0.5103,0.099,0.1084,0.118,0.3895,0.0735,0.1478,0.1368,2.0313,3.0442,0.7293,0.5416,0.2041,0.6762,1.1599,0.5687,0.1482,0.2459,0.1342,0.1462,0.2243,0.2051,0.5057,0.8045,0.1398
sub-kLat011,task-sline,run-2,0.25,NA,0.2632,3.0646,6.3511,4.6958,1.7821,0.4278,0.7092,1.1368,0.6897,0.5314,0.4503,0.337,0.2228,0.7992,0.275,0.8386,2.8161,4.7105,2.261,2.3148,0.753,0.8608,0.3448,0.1736,0.4102,0.5108,0.3819,0.483,0.6133,0.5047,0.3223,0.4346,0.8952,0.6376,0.2131,0.2937,0.4746,0.3063,0.2326,0.243,0.4094,0.8563,0.7802,0.9679,2.2256,3.2691,2.4822,1.0382,0.9247,0.5387,0.3915,0.181,0.4585,0.1983,0.2434,0.4117,0.2285,1.2563,1.5068
sub-kLat059,task-sline,run-2,0.25,NA,3.0731,3.243,1.4873,2.4422,2.5414,1.1836,0.4263,0.6851,0.3253,0.4587,0.1863,0.074,0.0726,0.1328,1.5372,2.6699,1.2438,0.4404,0.733,0.884,0.2228,0.6014,0.1363,0.1046,0.2011,0.3165,0.1293,0.1264,0.3569,0.7747,0.6118,0.9187,0.3763,0.4546,0.2822,0.1462,0.0928,0.1037,0.2249,0.0706,0.2,0.0922,0.5452,0.7647,2.0711,1.5254,1.5954,2.6093,0.4194,0.7139,0.9784,0.1963,0.1033,0.1732,0.1436,0.0787,1.0424,2.0136,0.9797
sub-kLat003,task-sline,run-1,0.26666666666666666,NA,1.4669,2.3982,1.495,1.0057,0.9564,0.4886,0.6267,0.2141,0.5314,0.2115,0.2201,0.505,0.4988,0.7004,1.2124,1.3213,1.5046,0.8419,0.5426,0.4858,0.378,0.2693,0.5437,0.208,0.4889,0.7144,0.2958,0.2838,0.3776,1.0583,1.4559,1.2588,0.7823,0.9345,0.3334,0.4676,0.1031,0.1015,0.1094,0.1324,0.2913,0.4471,0.2421,0.6769,1.4491,4.1156,3.0885,0.85,1.149,0.5375,0.1276,0.2534,0.4598,0.1626,0.1414,0.163,0.4088,1.1615,1.0835
sub-kLat003,task-sline,run-4,0.26666666666666666,NA,2.8135,4.6292,6.4122,7.9357,4.3264,2.1261,1.7144,0.2196,0.638,0.8291,0.6346,0.688,0.3238,0.1086,0.9104,3.3352,2.4332,2.1945,2.3269,1.1895,0.4813,0.1669,0.3484,0.342,0.0975,0.1231,0.1082,0.733,1.3086,0.7843,0.6323,1.3699,2.751,1.6959,0.6416,0.3082,0.1979,0.424,0.4069,0.4823,0.1727,0.2746,0.3835,0.6294,0.4667,0.1429,0.5996,0.6237,0.1166,0.3751,0.15,0.1289,0.1864,0.1824,0.189,0.2499,0.3424,0.3811,0.7373
sub-kLat009,task-sline,run-1,0.26666666666666666,NA,0.3786,2.092,2.896,0.7517,1.2571,0.4234,0.2721,0.4627,0.1728,0.1796,0.3572,0.1288,0.0942,0.1351,0.1706,0.3695,0.28,0.2418,1.6381,2.4089,1.8683,1.4252,0.2563,0.1791,0.1576,0.1288,0.0842,0.4483,0.7968,1.5846,0.6945,0.2196,0.3391,0.585,0.8828,0.8471,0.3562,0.566,0.2952,0.3791,0.2352,0.422,1.2335,1.0564,0.5325,1.022,0.974,1.4679,0.7727,0.1932,0.1886,0.0791,0.0594,0.5284,0.1572,1.585,2.003,1.5888,1.0887
sub-kLat010,task-sline,run-3,0.26666666666666666,NA,0.3377,0.4304,0.4933,0.6342,0.3682,0.4748,0.294,0.1186,0.2208,0.4066,0.2706,0.2782,0.1292,0.0968,0.0929,1.2847,0.9919,2.368,1.2759,0.2293,0.4083,0.1337,0.1822,0.2405,0.2417,0.1661,0.2238,0.6927,2.1279,3.6606,1.9293,0.8622,1.1504,1.1731,1.8263,1.6233,0.8547,0.1129,0.428,0.4634,0.5198,0.5475,0.2589,0.3649,1.0649,10.8768,17.4332,3.8671,8.1425,1.7923,0.4224,0.5023,0.2481,0.262,0.4894,0.6456,0.5764,0.554,0.8508
sub-kLat026,task-sline,run-1,0.26666666666666666,NA,1.1209,8.2131,14.1808,9.8369,5.6879,3.2041,1.409,1.1357,0.8753,0.3384,0.4588,0.1842,0.7792,0.8362,0.1851,0.6779,0.4904,1.0962,1.0219,1.0267,0.7334,0.1769,0.1328,0.1243,0.2862,0.1577,0.0825,0.0896,0.2123,0.2551,0.4508,2.1549,2.1816,4.9906,2.9676,0.8927,0.2907,0.4298,0.2984,0.4691,0.6824,0.2765,0.1793,0.1307,0.1227,0.538,0.2131,0.129,0.2747,0.1471,0.1027,0.1833,0.2767,0.1381,0.1211,0.2229,1.0642,0.9215,0.7542
sub-kLat011,task-sline,run-1,0.2833333333333333,NA,0.4448,0.7001,0.8397,0.7509,0.4589,0.8817,1.4758,0.8545,0.6554,1.285,1.2788,0.8585,0.3395,0.267,0.615,0.6048,0.5196,0.6486,0.9768,0.9513,0.7502,0.1919,0.3635,0.1586,0.1677,0.1285,0.4192,0.1485,0.5749,1.0597,1.1413,1.3719,0.3509,0.6995,0.4523,0.8114,0.2603,0.6584,0.5402,1.0795,0.8525,0.2108,3.3603,3.861,2.155,2.7686,1.123,0.8217,0.3047,1.432,1.7243,0.9298,0.3862,0.5014,0.0549,0.7405,1.101,2.3993,2.8999
sub-kLat011,task-sline,run-3,0.2833333333333333,NA,3.4637,2.9326,3.443,1.1133,0.7219,0.4251,0.5527,0.4793,0.2825,0.3978,1.0395,2.2595,1.7875,0.5293,0.9967,0.519,0.3838,0.2714,0.6292,0.6401,0.7218,0.5377,0.291,0.3384,0.2786,0.1124,0.1925,0.1534,0.9538,2.5132,1.9516,0.6462,1.8312,1.7352,1.755,0.7357,0.1435,0.1832,0.2084,0.5149,0.5177,0.6396,1.4591,0.9797,1.6209,0.8013,0.4712,0.4372,0.6206,1.1749,0.9256,0.548,0.4613,1.104,1.044,0.9229,0.7773,0.9133,0.4513
sub-kLat036,task-sline,run-4,0.2833333333333333,NA,0.4993,0.1865,0.3732,0.2191,0.3655,0.4763,0.3572,0.0928,0.7036,0.1793,0.1961,0.1504,0.1709,0.1649,1.5822,1.5264,1.393,0.3138,1.57,0.4969,0.4523,0.1392,1.1961,0.3766,1.3102,0.0759,1.0678,0.3731,0.6624,0.4796,0.8419,0.2201,0.9157,1.723,1.6473,0.4098,0.5522,0.0909,0.6543,0.0977,0.2511,0.0732,1.134,1.8107,1.7366,0.7272,2.6982,3.7261,6.3567,0.7324,6.1065,0.2145,1.1326,0.1769,0.8889,0.0516,0.2561,0.2956,0.4421
sub-kLat012,task-sline,run-4,0.3,NA,0.0955,0.0919,0.8656,2.9063,11.2436,11.0393,3.4271,0.429,0.4272,0.125,0.3972,0.21,0.1602,0.222,2.6394,6.5635,3.9843,0.6249,0.1603,0.6835,1.2894,0.5533,0.146,0.3161,0.5652,1.2705,1.1022,0.5661,0.511,1.6321,8.7672,16.7833,8.6896,1.1365,0.5835,0.3669,0.7243,0.1027,0.2593,0.6154,0.1784,0.1617,0.2277,0.2203,0.6282,0.877,2.9313,6.2682,3.5882,0.3358,0.3031,0.2136,0.1678,0.1014,0.3788,0.0611,0.0836,0.1774,0.9324
sub-kLat020,task-sline,run-2,0.3,NA,0.1797,0.117,0.2377,0.3462,0.6864,0.6161,0.8573,0.5907,0.1385,0.1729,0.0485,0.0516,0.1574,0.1632,0.179,0.1806,2.4081,5.4046,6.7275,5.4468,1.6639,0.5783,0.4544,0.1474,0.1679,0.0864,0.0938,0.2467,2.5172,4.1282,1.6593,4.143,9.1825,7.7557,4.0624,0.2795,0.2299,0.3956,0.4747,0.1919,0.4842,0.0967,0.5698,2.8464,4.1483,1.458,3.4141,2.5658,1.1829,0.1706,0.1234,0.4596,0.1752,0.1291,0.0446,0.0952,0.1495,0.1798,0.0341
sub-kLat025,task-sline,run-2,0.3,NA,0.4365,0.6499,0.2265,1.6424,2.195,1.1768,0.9759,0.9294,0.3262,0.9027,0.9231,0.4876,0.5784,0.5262,1.0173,0.8928,0.8397,0.4634,0.7916,0.9319,1.6597,1.3894,0.4208,0.4634,0.8263,1.6709,2.1147,0.7847,1.7565,5.0983,6.0255,1.4704,5.9522,7.6578,3.7826,0.21560000000000001,0.5463,0.2718,0.1306,0.1555,0.2112,0.2825,0.6084,0.3154,0.2173,1.1204,1.0335,0.2046,0.173,0.1157,0.0895,0.0842,0.043,0.3536,0.1444,0.1274,0.7441,0.2565,1.629
sub-kLat032,task-sline,run-1,0.31666666666666665,NA,0.5525,0.5307,0.6012,1.4894,1.9322,0.7997,0.3522,0.4798,0.2507,0.1601,0.1103,0.5344,0.1544,0.1931,0.7026,0.687,0.9213,0.6155,4.9692,6.3967,6.7012,6.8381,1.3072,0.3421,0.3109,0.2114,0.1281,0.6368,0.1962,0.3745,2.1238,5.3939,3.3192,0.5521,1.4551,0.8006,0.2014,0.2989,0.2383,0.1358,0.0594,0.1386,0.4496,1.3289,0.621,0.6746,3.0726,5.1535,11.7324,3.4359,3.4016,0.7822,0.4643,0.3072,0.7077,0.3042,1.6258,1.7505,0.2562
sub-kLat050,task-sline,run-3,0.31666666666666665,NA,0.3018,2.83,3.9315,12.8365,7.1719,0.8339,0.6268,0.6617,0.2564,0.188,0.6058,0.2257,0.1424,0.076,1.0538,1.9261,0.9185,0.9559,0.4237,0.4763,0.0976,0.1654,0.181,0.1869,0.2447,0.3876,0.1622,0.0707,1.2336,3.2255,3.6266,2.0628,6.1348,12.0633,7.0206,1.8211,1.2726,0.8487,0.2495,0.1257,0.1603,0.1304,0.1029,0.0985,0.4471,0.8463,0.431,0.4282,0.6334,0.9609,0.8775,1.0933,0.5259,2.9768,3.6558,1.042,0.1813,0.4605,0.8509
sub-kLat058,task-sline,run-1,0.31666666666666665,NA,0.444,2.4934,5.9963,3.8623,0.9864,0.6892,1.5685,2.117,3.1625,1.3862,0.2036,0.1751,0.0967,0.264,0.2427,0.1564,0.2693,0.5083,5.5089,10.7261,7.3924,2.7023,2.2267,6.6329,6.0787,13.723,9.6708,1.3296,0.9444,1.4116,2.238,0.8945,0.3298,0.134,0.4113,0.2394,0.2883,0.5062,0.9977,0.2666,0.1629,0.5233,0.2253,0.2027,0.4001,0.3789,0.2913,0.2658,0.2835,0.5955,0.2605,0.265,0.2561,0.1765,0.2784,0.2795,0.2094,0.2022,0.1756
sub-kLat036,task-sline,run-3,0.3333333333333333,NA,0.3027,0.5638,0.3997,0.4169,0.8997,0.5868,1.4487,0.1576,1.28,0.1766,0.3374,0.1936,0.8001,0.2649,0.5481,0.8039,0.5602,2.6265,1.3043,0.5572,2.7502,0.3102,1.06,0.3066,0.6371,0.3302,1.1452,1.7931,2.0164,0.7321,3.0873,1.5224,0.8733,1.2296,0.9553,0.1295,0.7031,0.5738,1.2743,0.0675,1.2125,0.3866,0.9444,0.2819,0.6799,0.2786,1.0763,0.2686,1.2613,0.1264,0.6489,0.1556,2.3071,2.4987,3.8304,0.4621,4.3873,0.454,0.9583
sub-kLat038,task-sline,run-6,0.3333333333333333,NA,2.1137,2.7254,0.9236,0.4972,0.301,2.4847,6.2913,4.0979,0.2044,0.4223,0.4118,0.1376,0.3752,0.9387,1.0029,1.1322,1.0758,0.3043,1.155,0.9136,1.2732,0.574,0.2312,0.1024,0.2406,0.1528,0.51,0.2189,0.1537,0.2072,0.1398,2.6803,2.6573,7.2362,9.0361,3.1815,0.225,0.494,1.1371,1.8051,0.4893,0.362,0.7252,0.6583,0.8471,0.4289,0.1923,1.0375,2.2167,1.3562,0.458,0.4493,0.2088,0.1829,0.2861,0.3582,0.9421,0.5002,0.6243
sub-kLat026,task-sline,run-4,0.35,NA,4.137,4.4111,1.9523,0.6199,0.5064,1.1218,1.0219,0.8979,1.0313,0.3395,0.3654,0.4032,0.53,0.3121,0.1931,0.626,0.4037,1.1545,1.4439,1.5797,1.7671,1.3844,0.7883,0.468,0.6122,0.3131,0.1765,0.3361,0.7693,1.1585,1.6702,0.4681,0.4291,0.2851,0.1563,0.1963,0.1119,0.4412,1.0068,0.6401,0.2811,0.6428,0.6972,1.1358,0.4213,1.1285,1.0523,0.8228,1.3449,0.2613,0.6254,0.2264,0.1185,0.1581,0.4559,0.1557,1.5712,2.5434,1.1835
sub-kLat009,task-sline,run-2,0.36666666666666664,NA,0.8895,0.7487,0.5191,1.349,2.054,1.5158,0.5464,0.5517,0.0671,0.124,0.3755,0.2893,0.2606,3.0922,5.8019,2.8445,0.8332,1.7202,2.0596,7.8108,4.879,0.793,0.4857,0.3231,0.2271,0.2715,0.145,0.0926,2.5922,4.5783,3.1705,1.893,1.3732,0.7196,0.2181,0.2642,0.1855,0.1421,0.1352,0.3104,0.0788,0.2699,0.5406,1.5513,2.1626,1.3171,0.6405,0.9423,1.8396,0.5329,0.1662,0.0822,0.0897,0.2113,0.3816,0.0468,1.1427,2.658,1.866
sub-kLat034,task-sline,run-2,0.36666666666666664,NA,1.7737,1.9705,1.5507,2.2648,1.3975,0.9525,0.4667,0.3611,0.5063,0.6301,0.0608,0.1747,0.1954,0.4591,0.4517,0.2568,0.5139,0.4491,0.4987,1.1615,4.4653,10.1085,5.2936,0.4329,0.1632,0.1398,0.4713,1.1532,0.6426,0.4044,0.4404,1.8206,3.4255,2.9998,2.9663,3.9348,1.8553,1.0787,0.8176,0.847,0.7166,0.2963,0.5272,0.6204,1.5253,1.0618,0.2073,0.379,0.4698,0.572,1.3752,1.6273,0.7061,0.3359,0.6412,0.3253,0.6851,1.1908,0.9089
sub-kLat050,task-sline,run-4,0.36666666666666664,NA,0.2327,0.2732,0.8067,0.7144,0.7965,0.541,1.1782,2.5188,1.5626,0.1961,0.2777,0.7255,0.2232,1.0034,1.5682,0.9589,3.1958,4.422,13.1965,12.9472,5.8582,7.3411,1.3761,0.9435,0.5706,1.153,0.8742,0.6399,0.675,0.6581,1.4141,2.6494,2.0721,1.4646,1.9922,0.5918,0.4639,0.2151,0.1716,0.0508,0.4581,0.468,0.2777,0.3099,0.7794,0.3461,2.5924,4.7381,2.2839,0.3093,0.1586,0.1963,0.241,0.3657,0.2301,0.2335,0.2889,0.7285,1.6302
sub-kLat026,task-sline,run-2,0.38333333333333336,NA,0.9793,1.9477,1.813,0.8383,0.7382,1.2485,1.3695,0.6147,0.2179,0.4553,1.934,3.0137,1.8747,0.5523,0.8086,1.6278,0.8567,1.3097,0.7872,1.1607,1.8699,0.6328,0.2959,0.1911,0.3421,0.2543,0.3489,0.2792,1.1752,1.8,1.182,1.1753,2.1312,3.6878,4.8638,1.5157,0.2548,0.3267,0.6759,1.1439,0.998,0.8619,0.6584,0.9551,0.8077,0.3855,0.7513,0.5165,0.6952,0.4462,0.302,0.3928,0.9481,0.43120000000000003,0.21560000000000001,0.7771,8.5091,9.1605,13.5787
sub-kLat010,task-sline,run-4,0.4,NA,0.2715,0.1789,0.4899,1.8598,1.8709,0.6402,1.0264,1.7011,0.5854,0.2764,0.2556,0.5013,0.9223,0.6458,0.1514,0.2088,0.1617,1.9748000000000001,2.768,0.7795,0.4954,0.9535,1.4002,2.2658,1.4809,0.2738,0.8982,1.2982,0.3435,0.2194,1.1957,1.7736,1.5668,1.1498,0.7903,0.9476,0.2933,0.6188,0.3248,0.4747,0.2609,0.1772,0.5678,0.9159,0.9294,1.8963,4.8624,9.7612,3.3982,2.116,0.4725,0.7068,1.5558,1.6205,1.5011,1.8871,0.8927,1.2034,0.8234
sub-kLat029,task-sline,run-4,0.4,NA,0.2187,0.2145,0.607,0.1848,0.1098,0.3392,1.0434,0.4643,0.1937,0.1477,0.0792,0.1752,0.2268,0.302,3.4649,6.6012,8.3348,8.5387,7.843,4.5384,1.9053,0.4738,0.1288,0.1682,0.0593,0.1126,0.0267,0.3677,0.9991,2.1113,1.8325,0.5953,5.1338,4.0048,3.2059,2.8545,0.4185,0.1465,0.4848,0.2052,0.167,0.1768,1.0542,1.4744,0.8508,1.8809,5.9436,9.3799,3.2083,0.2988,0.1594,0.0662,0.1063,0.4969,0.0921,1.2944,1.4971,5.6507,9.6274
sub-kLat009,task-sline,run-4,0.45,NA,11.1711,14.9734,1.2709,2.5821,4.3393,2.7436,0.9292,0.3068,0.2246,0.4756,2.1802,5.4425,3.1309,0.6334,0.5837,1.1104,0.4805,0.2872,3.2484,2.6427,0.2479,0.1958,0.0955,0.2331,5.215,13.802,7.8914,1.1115,0.2584,0.3742,0.6342,0.1777,0.5914,0.0922,0.1566,0.1481,0.1675,0.2345,0.4825,2.2598,1.0017,0.5842,1.5862,1.8528,0.8307,0.5347,1.1902,3.7368,1.4398,1.0823,0.4978,0.0643,0.0485,0.575,0.1236,0.1704,1.0171,2.8909,1.8209
sub-kLat020,task-sline,run-1,0.45,NA,1.7796,6.791,12.7617,5.6731,0.9596,0.4296,0.1946,0.3259,0.3112,0.13,0.155,0.0256,0.1102,0.2326,0.1662,0.3055,2.4165,2.2564,10.3472,10.2798,4.0405,3.6792,0.3375,0.6007,0.1614,0.1242,0.2037,0.2839,0.2886,1.1724,1.8417,0.5615,1.0296,2.5056,3.0347,1.8282,1.2968,0.1716,0.1297,0.1214,0.0804,0.2017,2.5028,4.274,19.6626,13.9917,3.6553,7.5695,12.3817,5.3324,0.7445,0.3079,0.7457,0.1226,0.0799,0.2781,0.0545,2.0254,8.6369
sub-kLat026,task-sline,run-3,0.45,NA,0.5189,0.7691,0.8073,0.7369,1.9723,0.9375,1.7175,1.7368,0.7477,0.7984,0.3936,0.4402,0.4594,0.3769,0.5074,1.7144,4.0024,1.2282,3.6234,2.3159,3.6069,1.4203,0.7232,0.4795,0.1542,0.252,0.3502,0.3838,2.8481,10.8008,18.3823,14.3768,2.683,2.7965,1.9461,0.7076,0.1007,0.1115,0.1062,0.3294,0.4636,0.8408,7.3352,4.9353,18.2244,12.934,3.8711,1.0288,1.1007,0.511,0.255,0.6276,0.2674,0.244,0.0956,0.2856,2.0694,6.7232,9.7481
sub-kLat034,task-sline,run-1,0.45,NA,0.5692,0.9101,0.7242,0.7219,0.7396,0.2036,3.289,6.5263,2.9593,0.5375,0.1997,0.546,0.7141,0.3731,3.9931,8.0624,4.3393,0.6619,0.643,0.1535,0.3998,0.2238,0.1653,0.1452,0.379,0.6588,0.1101,0.2019,0.1044,0.2451,0.2573,0.2305,0.5011,1.0597,0.8294,1.0652,1.7735,1.3832,4.3712,5.4859,1.9148,7.1798,3.4952,11.3552,5.7358,4.2528,3.5525,2.7785,4.745,1.6908,2.8232,0.7693,0.5487,0.4094,1.1478,0.9617,1.2046,2.31,3.4417
sub-kLat011,task-sline,run-4,0.5,NA,0.6959,1.5131,2.1493,1.1381,1.1434,3.2612,5.0613,1.6082,0.4438,0.2527,0.5158,0.4492,0.2513,0.2004,1.0965,2.2718,2.1535,1.6418,0.9456,0.8583,1.6404,1.1995,0.3368,0.7718,0.4744,0.2323,0.2574,0.5133,1.3981,4.8225,7.4421,2.4147,1.348,1.0232,0.431,0.8599,0.6973,0.5398,0.1989,0.1713,0.1643,0.2628,0.9544,1.4973,0.945,0.3813,1.0125,1.8772,1.8494,1.2753,1.8164,1.1491,0.8076,0.9015,1.3534,1.1712,1.813,1.2988,0.5873
sub-kLat017,task-sline,run-1,0.5,NA,0.465,0.9246,1.6084,1.9881,2.8114,1.2575,2.166,1.4368,0.5535,0.8672,0.2925,0.3979,0.9754,1.2201,1.5201,0.765,1.3205,4.4602,10.2108,6.1969,0.9517,0.5668,1.0057,0.9028,1.2585,0.5373,0.5638,0.318,1.3512,2.6664,1.7996,0.4445,0.1343,0.6606,1.1047,1.0041,0.9655,1.5872,2.5189,1.7985,1.3592,0.6599,0.7691,3.6512,10.8432,7.6789,2.3831,1.5143,0.7207,0.234,0.1342,0.4627,0.4407,0.7682,1.3984,1.1053,0.2491,0.8373,0.9017
sub-kLat017,task-sline,run-2,0.5,NA,3.7421,6.6331,5.8024,1.9295,1.6599,1.6639,2.233,1.1258,0.9716,0.8391,1.6925,1.9525,0.3608,0.4386,1.2174,1.5139,0.8388,1.0357,0.7667,1.706,1.1905,0.4841,0.2952,0.2699,0.1194,0.243,0.2271,0.4797,0.242,0.2008,0.4735,0.479,1.1058,2.7002,1.9334,0.5115,0.3049,0.1492,0.1902,0.1145,0.4256,0.69,1.1251,0.5128,0.3385,0.3092,2.3543,2.3673,1.2788,4.1661,3.5666,0.3853,0.4041,1.5793,5.4074,16.3033,11.5897,2.9892,5.1587
sub-kLat018,task-sline,run-2,0.55,NA,0.2775,1.8992,2.9821,1.226,5.8826,4.9705,4.1864,1.2963,0.5387,4.9096,4.9553,0.4809,0.6432,0.3573,1.1678,0.7716,1.1731,1.7866,10.7949,20.7557,10.099,1.0438,0.1957,0.1255,0.2486,0.4035,0.2221,0.9623,2.1528,3.2405,1.4862,0.9907,4.2346,3.1524,1.8222,1.0311,0.4096,0.3346,1.0852,1.5546,0.1942,0.631,11.2264,18.3321,4.8545,2.5771,0.2161,0.2163,0.332,0.8799,0.9404,0.3617,0.5298,0.8048,0.3424,1.8099,10.5049,10.4272,13.3207
sub-kLat038,task-sline,run-3,0.7166666666666667,NA,3.5258,4.7287,1.5481,2.6837,3.3294,6.6561,8.1274,3.0025,0.5305,1.8184,3.1589,5.595,3.3606,9.713,2.779,3.3552,0.356,0.1425,0.6387,1.9734,2.3493,1.6517,1.7678,3.2462,2.8284,2.0857,0.4919,0.9314,2.0792,2.5434,0.372,6.2743,9.5954,8.1832,8.9375,3.2398,3.7699,3.8027,0.8966,1.9132,0.5628,0.6471,1.0638,1.4917,1.012,1.0011,3.3957,3.7229,1.0133,2.0258,0.7673,1.0152,0.5617,0.3139,0.1308,0.281,1.0588,0.6239,1.2997
sub-kLat010,task-sline,run-1,0.75,NA,0.459,0.72,1.7424,1.5049,0.9972,0.6917,0.7744,0.8975,1.7682,2.6059,1.8426,2.2485,1.6311,0.6866,0.6843,3.8925,5.9716,2.7966,5.6906,6.6321,9.3303,14.7428,6.3232,1.2793,0.5274,0.6354,2.4328,2.2534,1.0098,0.9682,0.6204,0.7384,3.6962,4.6804,4.6794,5.7148,2.5129,1.1179,1.0856,1.8419,2.3569,4.8179,6.9836,1.4703,3.6355,2.4138,2.4621,2.4625,1.6462,3.7234,4.3746,2.6224,3.6574,5.0811,0.6837,1.1394,5.1363,3.9152,1.3771
