sub,task,run,cens1mm,frame1,frame2,frame3,frame4,frame5,frame6,frame7,frame8,frame9,frame10,frame11,frame12,frame13,frame14,frame15,frame16,frame17,frame18,frame19,frame20,frame21,frame22,frame23,frame24,frame25,frame26,frame27,frame28,frame29,frame30,frame31,frame32,frame33,frame34,frame35,frame36,frame37,frame38,frame39,frame40,frame41,frame42,frame43,frame44,frame45,frame46,frame47,frame48,frame49,frame50,frame51,frame52,frame53,frame54,frame55,frame56,frame57,frame58,frame59,frame60,frame61,frame62,frame63,frame64,frame65,frame66,frame67,frame68,frame69,frame70,frame71,frame72,frame73,frame74,frame75,frame76,frame77,frame78,frame79,frame80,frame81,frame82,frame83,frame84,frame85,frame86,frame87,frame88,frame89,frame90,frame91,frame92,frame93,frame94,frame95,frame96,frame97,frame98,frame99,frame100,frame101,frame102,frame103,frame104,frame105,frame106,frame107,frame108,frame109,frame110,frame111,frame112,frame113,frame114,frame115,frame116
sub-kLat004,task-ADDT,run-1,0,NA,0.041,0.0886,0.0448,0.0731,0.1051,0.1515,0.0737,0.1391,0.115,0.0804,0.0623,0.0934,0.0827,0.0903,0.0635,0.0144,0.0693,0.1195,0.1374,0.0654,0.0424,0.0633,0.1181,0.0659,0.0386,0.1233,0.1891,0.1484,0.1165,0.1569,0.009,0.1589,0.1416,0.0779,0.0794,0.0662,0.0883,0.0802,0.0852,0.1062,0.0421,0.0737,0.0809,0.1174,0.0864,0.1176,0.1087,0.0555,0.0882,0.035,0.062,0.3127,0.0866,0.0816,0.1211,0.0603,0.104,0.1293,0.1488,0.1604,0.1206,0.1273,0.0782,0.069,0.0575,0.0903,0.1112,0.0373,0.0885,0.1072,0.0437,0.0759,0.1109,0.1295,0.1345,0.0808,0.1503,0.1037,0.1279,0.0415,0.0859,0.0626,0.0566,0.0757,0.0793,0.0582,0.0768,0.0415,0.1182,0.1345,0.0664,0.0606,0.0671,0.0707,0.1044,0.0413,0.0586,0.0828,0.4394,0.2221,0.125,0.0849,0.0447,0.0526,0.0631,0.0752,0.1717,0.0868,0.0886,0.1119,0.0766,0.1541,0.1295,0.1045,0.0851
sub-kLat004,task-ADDT,run-2,0,NA,0.0563,0.1223,0.0528,0.0706,0.0492,0.0498,0.0639,0.0692,0.0868,0.1214,0.1345,0.0613,0.0851,0.1084,0.1462,0.1578,0.135,0.0753,0.0604,0.0849,0.0775,0.0997,0.1198,0.0589,0.1099,0.0972,0.0351,0.0674,0.084,0.099,0.0693,0.0921,0.0633,0.104,0.0803,0.0589,0.0784,0.1719,0.1965,0.232,0.0872,0.0905,0.0564,0.0338,0.0163,0.0223,0.0416,0.1085,0.1583,0.1607,0.1263,0.1204,0.2302,0.2404,0.2098,0.1305,0.4143,0.2149,0.1467,0.0932,0.0472,0.1095,0.1393,0.06,0.0953,0.0807,0.0391,0.0292,0.1035,0.1376,0.1506,0.0704,0.0569,0.0775,0.0698,0.0626,0.0741,0.0701,0.112,0.0893,0.1348,0.1098,0.1091,0.0804,0.0979,0.1141,0.1363,0.1126,0.0737,0.1247,0.0899,0.0467,0.0657,0.0672,0.0858,0.0526,0.0582,0.136,0.2091,0.2035,0.086,0.0582,0.1153,0.0664,0.0724,0.0825,0.063,0.0308,0.0718,0.0954,0.0673,0.0973,0.05,0.0825,0.0661
sub-kLat006,task-ADDT,run-1,0,NA,0.0416,0.0659,0.0805,0.0499,0.0846,0.1024,0.0665,0.0591,0.0635,0.0493,0.0354,0.0268,0.2778,0.0908,0.0842,0.0763,0.05,0.0504,0.0791,0.2814,0.5151,0.2545,0.1169,0.0426,0.144,0.1331,0.0645,0.0675,0.07,0.0691,0.1072,0.3433,0.0859,0.109,0.0817,0.1216,0.0315,0.0423,0.06,0.071,0.1536,0.1499,0.0533,0.0811,0.0711,0.0805,0.0754,0.0837,0.0767,0.1207,0.0858,0.1354,0.1066,0.0742,0.1088,0.1029,0.0317,0.0593,0.0735,0.0944,0.3493,0.0884,0.0485,0.176,0.0745,0.0664,0.079,0.0569,0.0583,0.0505,0.1057,0.0783,0.1208,0.0739,0.1282,0.0803,0.1252,0.124,0.5154,0.1039,0.0844,0.066,0.0778,0.0658,0.0281,0.062,0.039,0.0756,0.0534,0.0421,0.0777,0.1343,0.1314,0.0804,0.0718,0.0366,0.0972,0.0679,0.0991,0.0997,0.0653,0.0847,0.124,0.0907,0.1298,0.4671,0.1419,0.0402,0.0716,0.0563,0.1114,0.1067,0.0547,0.0443,0.0409
sub-kLat008,task-ADDT,run-1,0,NA,0.3339,0.5089,0.2749,0.4392,0.1838,0.093,0.3043,0.1954,0.1487,0.1772,0.1425,0.1628,0.2134,0.2578,0.2919,0.2608,0.1591,0.1426,0.0951,0.1151,0.072,0.0348,0.1252,0.1668,0.2373,0.1544,0.1117,0.0661,0.0385,0.1437,0.0671,0.0505,0.0927,0.1298,0.0889,0.0746,0.0816,0.0484,0.085,0.1988,0.3937,0.2146,0.2302,0.4911,0.1309,0.1195,0.1068,0.1259,0.1322,0.0982,0.1833,0.4588,0.1198,0.0705,0.0841,0.1854,0.1335,0.1107,0.0773,0.1111,0.3328,0.0385,0.1329,0.1291,0.068,0.0687,0.0577,0.0451,0.129,0.1409,0.0645,0.1286,0.1035,0.34,0.2888,0.2624,0.229,0.1434,0.1242,0.0606,0.1899,0.0948,0.0454,0.0748,0.1361,0.0763,0.1013,0.0685,0.129,0.1031,0.1124,0.1338,0.0865,0.1767,0.0688,0.4246,0.1379,0.1516,0.0835,0.1053,0.0709,0.1015,0.0928,0.1375,0.0715,0.0783,0.0703,0.0776,0.0737,0.0963,0.1116,0.3482,0.1027,0.1549,0.2499
sub-kLat008,task-ADDT,run-2,0,NA,0.0947,0.138,0.1047,0.1389,0.121,0.0468,0.0516,0.1514,0.2277,0.1441,0.1076,0.2187,0.2284,0.1721,0.1051,0.1436,0.1376,0.0606,0.0844,0.2042,0.3726,0.4354,0.268,0.124,0.0822,0.166,0.0712,0.1109,0.1595,0.3495,0.0702,0.2181,0.2451,0.0802,0.0954,0.1292,0.0769,0.1474,0.1288,0.0761,0.1788,0.1815,0.0999,0.0899,0.1152,0.1151,0.0972,0.079,0.093,0.2167,0.1661,0.086,0.3032,0.3406,0.2294,0.1878,0.1043,0.1342,0.1744,0.1396,0.0619,0.0132,0.0317,0.1045,0.1866,0.1263,0.0656,0.1996,0.2501,0.3761,0.2908,0.3138,0.1883,0.9117,0.0854,0.0754,0.0579,0.0412,0.3273,0.6007,0.1167,0.3406,0.118,0.1042,0.1084,0.1823,0.1732,0.3263,0.5824,0.2209,0.5203,0.3239,0.2674,0.5805,0.5432,0.2209,0.084,0.2475,0.3459,0.2723,0.2425,0.1455,0.1439,0.0987,0.0951,0.0494,0.1025,0.1199,0.0687,0.0739,0.0944,0.122,0.4219,0.038,0.1731
sub-kLat015,task-ADDT,run-1,0,NA,0.0521,0.0808,0.0815,0.1447,0.1424,0.329,0.5755,0.4216,0.7489,0.519,0.1007,0.2097,0.1402,0.1099,0.1766,0.0446,0.1028,0.1047,0.2512,0.1856,0.2701,0.1708,0.1064,0.2337,0.3301,0.4072,0.9285,0.2509,0.3484,0.1682,0.0956,0.21,0.1266,0.1738,0.3214,0.2262,0.1467,0.1148,0.1275,0.3055,0.1802,0.1502,0.1386,0.1437,0.233,0.1601,0.3803,0.2971,0.2005,0.158,0.1167,0.1273,0.1629,0.1384,0.044,0.0548,0.0422,0.1184,0.0877,0.0952,0.0929,0.0452,0.364,0.9342,0.535,0.1691,0.6877,0.6001,0.098,0.1971,0.166,0.1848,0.1199,0.0911,0.1215,0.0559,0.1138,0.0899,0.1282,0.1639,0.1526,0.1598,0.1088,0.1126,0.1198,0.0783,0.1052,0.1765,0.1925,0.1153,0.1913,0.1896,0.1667,0.0895,0.1595,0.2223,0.1228,0.2092,0.3931,0.1789,0.1029,0.1413,0.1045,0.0694,0.1528,0.0842,0.0422,0.0858,0.0862,0.1163,0.0757,0.1367,0.0958,0.0613,0.1225
sub-kLat023,task-ADDT,run-1,0,NA,0.0452,0.1755,0.0748,0.365,0.1123,0.0908,0.3656,0.2179,0.1256,0.1218,0.3022,0.3028,0.205,0.0853,0.0895,0.0403,0.1218,0.1199,0.2035,0.2558,0.1672,0.3225,0.2326,0.1943,0.1931,0.4863,0.0523,0.1037,0.2185,0.529,0.462,0.2342,0.1309,0.1164,0.0862,0.1442,0.4908,0.0905,0.0194,0.0697,0.0834,0.0481,0.1565,0.1109,0.1441,0.0985,0.3004,0.4053,0.1411,0.2228,0.2322,0.1314,0.178,0.1443,0.2213,0.1465,0.4236,0.121,0.0354,0.1294,0.1303,0.5238,0.4294,0.0939,0.1206,0.0568,0.0675,0.1128,0.0939,0.1102,0.5269,0.3259,0.1363,0.1101,0.1214,0.1796,0.1011,0.2004,0.1425,0.0729,0.0764,0.1186,0.1279,0.1246,0.091,0.0789,0.2112,0.2059,0.2054,0.2163,0.3167,0.707,0.2021,0.0873,0.3079,0.2048,0.1052,0.3352,0.6252,0.2248,0.1284,0.1739,0.2129,0.1737,0.1765,0.1622,0.1851,0.5502,0.2443,0.0937,0.1303,0.1119,0.0647,0.1051,0.1105
sub-kLat023,task-ADDT,run-2,0,NA,0.0258,0.1235,0.2109,0.1182,0.0856,0.108,0.0619,0.1206,0.0954,0.1325,0.2289,0.4421,0.1522,0.2144,0.1494,0.1286,0.0982,0.0394,0.0266,0.2291,0.28,0.1144,0.1382,0.1171,0.3568,0.3121,0.498,0.0677,0.0747,0.2679,0.2605,0.2858,0.1894,0.1049,0.1935,0.3218,0.4581,0.8513,0.6695,0.3903,0.3883,0.1007,0.1218,0.1446,0.099,0.0651,0.111,0.1329,0.07,0.0954,0.3065,0.4603,0.1535,0.0725,0.2964,0.4626,0.2126,0.1328,0.1389,0.3295,0.257,0.1463,0.0749,0.198,0.1856,0.1873,0.1853,0.0822,0.0642,0.0726,0.1791,0.1627,0.3492,0.1391,0.0606,0.0394,0.1813,0.421,0.209,0.2689,0.1496,0.1184,0.1294,0.0567,0.0431,0.1945,0.1153,0.0885,0.0787,0.1448,0.0845,0.0456,0.0951,0.1207,0.2293,0.4448,0.2709,0.2297,0.22,0.119,0.0708,0.1256,0.3861,0.1757,0.2481,0.1792,0.145,0.0899,0.1193,0.1144,0.197,0.2432,0.1869,0.1574,0.0787
sub-kLat024,task-ADDT,run-1,0,NA,0.0572,0.0801,0.1019,0.0564,0.0639,0.078,0.1596,0.1011,0.0621,0.0849,0.0585,0.0739,0.0578,0.1886,0.2281,0.14,0.0766,0.0507,0.0828,0.1679,0.0914,0.0699,0.064,0.1286,0.4668,0.2171,0.1348,0.1505,0.1435,0.1135,0.0812,0.0799,0.0665,0.2177,0.2283,0.1824,0.1374,0.0819,0.0497,0.0448,0.0877,0.0677,0.0906,0.0515,0.0551,0.0487,0.0479,0.0434,0.1283,0.0465,0.0605,0.0298,0.0407,0.0464,0.0199,0.0462,0.1016,0.2175,0.2059,0.1202,0.048,0.0751,0.0404,0.0335,0.0434,0.0427,0.0474,0.3286,0.0801,0.0571,0.0568,0.0659,0.0653,0.0372,0.069,0.1241,0.1793,0.1946,0.0817,0.0704,0.0783,0.0235,0.1974,0.5458,0.4067,0.0795,0.0621,0.0235,0.0415,0.3435,0.363,0.2749,0.1619,0.301,0.2988,0.1332,0.0663,0.0318,0.0577,0.0751,0.132,0.1391,0.2433,0.1591,0.0656,0.0308,0.047,0.0968,0.4329,0.1646,0.0955,0.034,0.0305,0.0659,0.2193
sub-kLat024,task-ADDT,run-2,0,NA,0.0776,0.0298,0.0538,0.0473,0.0705,0.0816,0.0786,0.0779,0.0602,0.0822,0.0862,0.2038,0.2901,0.2817,0.2143,0.1174,0.1402,0.0248,0.0673,0.0658,0.0983,0.093,0.0515,0.0609,0.0747,0.0577,0.0631,0.0701,0.0719,0.0631,0.1661,0.1529,0.1113,0.0933,0.1146,0.1885,0.1489,0.0789,0.0871,0.0649,0.0285,0.0497,0.1709,0.2512,0.211,0.117,0.0721,0.1126,0.0954,0.0899,0.054,0.1042,0.128,0.087,0.057,0.0478,0.0608,0.0573,0.0705,0.1164,0.0869,0.1129,0.1561,0.0886,0.0943,0.173,0.2332,0.1809,0.1982,0.618,0.1354,0.1122,0.1126,0.1315,0.0535,0.0418,0.2346,0.6915,0.5655,0.1503,0.1039,0.0681,0.109,0.098,0.1163,0.105,0.1003,0.0359,0.0668,0.1226,0.2429,0.2547,0.1918,0.0987,0.0969,0.2643,0.2906,0.1909,0.1269,0.2457,0.1808,0.1163,0.0882,0.0817,0.0659,0.0701,0.0534,0.0522,0.0624,0.0555,0.0618,0.0314,0.0562,0.1279,0.2241
sub-kLat025,task-ADDT,run-2,0,NA,0.4373,0.8318,0.3447,0.9879,0.3622,0.2533,0.2846,0.2706,0.2767,0.2455,0.2572,0.2012,0.1598,0.2093,0.1838,0.0892,0.1215,0.1484,0.1568,0.071,0.4661,0.5774,0.3705,0.0979,0.476,0.6316,0.4455,0.5266,0.2066,0.2435,0.2893,0.1333,0.0885,0.2453,0.2767,0.1462,0.1194,0.1185,0.2238,0.2283,0.0794,0.148,0.2327,0.7883,0.7839,0.7976,0.2055,0.2729,0.10780000000000001,0.0571,0.17,0.2427,0.3352,0.1256,0.233,0.1569,0.2182,0.496,0.137,0.2957,0.6925,0.2916,0.3906,0.723,0.1152,0.0573,0.0947,0.1502,0.1468,0.0247,0.0708,0.0955,0.1507,0.1504,0.3181,0.235,0.5804,0.6464,0.4898,0.1786,0.1808,0.2343,0.1584,0.211,0.2944,0.0632,0.1854,0.179,0.1591,0.0988,0.2502,0.238,0.2987,0.2477,0.2745,0.358,0.3271,0.378,0.2732,0.1832,0.2879,0.3171,0.1731,0.0868,0.0624,0.1437,0.2057,0.2423,0.0855,0.5429,0.2893,0.4318,0.3934,0.2302,0.1284
sub-kLat036,task-ADDT,run-2,0,NA,0.1247,0.1751,0.1883,0.2202,0.263,0.1295,0.2839,0.3901,0.2458,0.5648,0.1616,0.1342,0.1181,0.1909,0.1555,0.114,0.173,0.0818,0.0912,0.3088,0.2163,0.2157,0.1392,0.0884,0.0907,0.0802,0.0601,0.1197,0.1842,0.4073,0.2252,0.2053,0.1548,0.0997,0.2488,0.2016,0.3066,0.2252,0.2712,0.2376,0.151,0.1707,0.144,0.1465,0.2354,0.1604,0.2613,0.5331,0.9797,0.6096,0.2936,0.2567,0.2579,0.2494,0.1304,0.3493,0.1453,0.2178,0.6907,0.9848,0.2585,0.3666,0.323,0.2411,0.2278,0.2082,0.3748,0.6676,0.1344,0.1256,0.1693,0.2049,0.126,0.3983,0.1435,0.1208,0.1692,0.3616,0.138,0.0561,0.1609,0.2506,0.1464,0.2131,0.1991,0.2237,0.3323,0.1899,0.0945,0.0956,0.1039,0.2435,0.1694,0.156,0.2183,0.2504,0.0848,0.1166,0.1791,0.1432,0.1095,0.3479,0.1682,0.1811,0.1438,0.1203,0.2585,0.2708,0.1949,0.0943,0.064,0.189,0.1155,0.2179,0.1501
sub-kLat057,task-ADDT,run-2,0,NA,0.0286,0.0657,0.1127,0.0612,0.3243,0.3499,0.1842,0.3012,0.4619,0.2189,0.206,0.4219,0.4121,0.3272,0.2041,0.0726,0.1286,0.0527,0.0802,0.0983,0.1696,0.083,0.0858,0.0978,0.2272,0.0896,0.1507,0.0987,0.0867,0.0941,0.0977,0.1425,0.1327,0.0663,0.0733,0.1834,0.3316,0.1473,0.2961,0.5779,0.2175,0.2778,0.3618,0.0973,0.1122,0.1729,0.0963,0.1595,0.2197,0.349,0.2857,0.1245,0.432,0.1442,0.2024,0.2256,0.1858,0.0717,0.1525,0.2795,0.7339,0.5297,0.1644,0.3825,0.2394,0.2186,0.1891,0.2186,0.2435,0.2637,0.2197,0.1325,0.108,0.1613,0.1173,0.1414,0.1671,0.3571,0.4418,0.3043,0.3781,0.1125,0.1535,0.1574,0.202,0.3173,0.2081,0.1013,0.1131,0.1835,0.1574,0.1262,0.2232,0.2869,0.3355,0.2517,0.244,0.3201,0.1113,0.1534,0.159,0.1045,0.1447,0.1673,0.1996,0.2647,0.1223,0.0877,0.0367,0.1516,0.2745,0.3423,0.1775,0.1202,0.0868
sub-kLat059,task-ADDT,run-2,0,NA,0.2548,0.3384,0.1719,0.1564,0.1379,0.2294,0.0962,0.1013,0.1919,0.6036,0.2432,0.0678,0.1638,0.1384,0.174,0.1379,0.214,0.1783,0.1023,0.1211,0.1657,0.1006,0.0772,0.1421,0.1368,0.1369,0.2067,0.1002,0.0451,0.0526,0.1207,0.0742,0.1008,0.0897,0.1242,0.2066,0.19,0.0742,0.0811,0.1521,0.1472,0.091,0.0973,0.1431,0.1068,0.0906,0.0694,0.0534,0.1301,0.0426,0.1033,0.0744,0.0912,0.289,0.1882,0.0459,0.0773,0.0785,0.11,0.0809,0.0808,0.4694,0.0708,0.1217,0.157,0.1682,0.2015,0.1943,0.0674,0.0576,0.0875,0.1198,0.1619,0.2956,0.444,0.1687,0.079,0.1,0.1309,0.103,0.1414,0.5637,0.1456,0.1446,0.2237,0.195,0.1291,0.1887,0.1218,0.1445,0.1195,0.231,0.0632,0.2148,0.4938,0.1279,0.1501,0.1028,0.0783,0.1764,0.1796,0.1663,0.15310000000000001,0.1638,0.4456,0.097,0.044,0.1303,0.1505,0.0633,0.1243,0.1117,0.1844,0.1675,0.1156
sub-kLat015,task-ADDT,run-2,0.008620689655172414,NA,0.3178,0.7,1.1167,0.5024,0.0481,0.1169,0.1869,0.122,0.1072,0.127,0.0671,0.2081,0.1695,0.433,0.1446,0.1043,0.159,0.2895,0.2987,0.2721,0.4277,0.1067,0.4729,0.1931,0.6545,0.4779,0.169,0.112,0.303,0.1762,0.1133,0.1965,0.0532,0.1064,0.0904,0.4269,0.2224,0.3524,0.1867,0.1086,0.1147,0.1786,0.1033,0.0627,0.0683,0.0625,0.0816,0.1672,0.3504,0.222,0.23,0.1731,0.2141,0.116,0.1421,0.395,0.7388,0.1774,0.1878,0.3799,0.6923,0.2337,0.2672,0.3839,0.3375,0.2057,0.2004,0.4786,0.3804,0.2538,0.4316,0.6446,0.1345,0.1374,0.1906,0.0693,0.1519,0.1706,0.0804,0.107,0.0372,0.1056,0.0628,0.1344,0.1639,0.1464,0.0928,0.1728,0.1097,0.1383,0.1071,0.1077,0.0592,0.0718,0.1711,0.6638,0.1906,0.202,0.1968,0.2471,0.1922,0.1834,0.1109,0.1669,0.112,0.2266,0.2056,0.1565,0.2162,0.1364,0.2565,0.2532,0.1724,0.1415,0.1024
sub-kLat021,task-ADDT,run-1,0.008620689655172414,NA,0.1937,0.1074,0.1711,0.3637,0.4476,0.1818,0.1507,0.1417,0.1053,0.076,0.11,0.5255,1.3698,0.7934,0.1426,0.1469,0.3977,0.0917,0.1573,0.134,0.4136,0.1076,0.1794,0.1492,0.043,0.0754,0.1327,0.1072,0.2445,0.1513,0.0942,0.0898,0.1185,0.2113,0.144,0.053,0.1236,0.0823,0.1044,0.0839,0.1152,0.2149,0.5169,0.058,0.1636,0.1217,0.1065,0.0882,0.1624,0.1818,0.1564,0.1095,0.852,0.9132,0.4306,0.6661,0.2543,0.0998,0.0659,0.102,0.0652,0.1262,0.1547,0.1238,0.1692,0.0822,0.0755,0.061,0.0715,0.0932,0.0973,0.1433,0.1106,0.1442,0.0483,0.0803,0.1278,0.0663,0.0524,0.1181,0.0676,0.0877,0.1092,0.0985,0.0923,0.039,0.0923,0.1019,0.089,0.1107,0.1044,0.0394,0.0904,0.1098,0.0693,0.0875,0.028,0.0586,0.0728,0.1192,0.1103,0.0554,0.1043,0.111,0.103,0.0596,0.11,0.1796,0.1479,0.0972,0.1192,0.1021,0.4935,0.1558,0.133
sub-kLat025,task-ADDT,run-1,0.008620689655172414,NA,0.3897,0.316,0.3283,0.1477,0.3828,0.1092,0.1601,0.3761,0.2744,0.1203,0.1996,0.2898,0.6131,0.3174,0.1518,0.0862,0.233,0.6602,0.2614,0.0946,0.2189,0.1301,0.36870000000000003,0.7103,0.8809,0.3005,0.3238,0.6407,0.1503,0.7369,0.3583,0.34,0.0851,0.1924,0.2136,0.1906,0.2413,0.2798,0.2317,0.2697,0.2017,0.3153,0.586,0.4001,0.1564,0.0888,0.2476,0.1298,0.1254,0.2065,0.2034,0.2629,0.2467,0.1479,0.0933,0.1292,0.1727,0.1238,0.3844,0.4431,0.5121,0.1472,0.1871,0.16,0.1789,0.1591,0.1121,0.5342,0.2054,0.1343,0.1743,0.32,0.2962,0.7998,0.5768,0.333,0.2628,0.2299,0.2813,0.1855,0.2992,0.4763,0.8693,0.5394,0.2831,0.2686,0.5182,0.6223,0.6232,0.2708,0.1426,0.0909,0.1887,0.2401,0.1469,0.2024,0.435,0.2838,0.2413,0.3592,0.3309,1.1328,0.7465,0.2975,0.1885,0.3044,0.1957,0.4607,0.5568,0.3627,0.2085,0.0803,0.146,0.1926,0.068
sub-kLat051,task-ADDT,run-2,0.008620689655172414,NA,0.2256,0.2634,0.4019,0.3918,0.3257,0.3142,0.3813,0.3383,0.1709,0.1508,0.1108,0.0677,0.1378,0.1831,0.4836,0.0948,0.1596,0.119,0.1278,0.0985,0.1063,0.0888,0.0911,0.112,0.1285,0.1312,0.0817,0.1111,0.0397,0.1001,0.2428,0.2648,0.1811,0.1333,0.1771,0.2358,0.218,0.2324,0.2827,0.2558,0.1394,0.0687,0.0792,0.0588,0.2638,0.3233,0.3063,0.1933,0.1342,0.1161,0.0901,0.2817,0.6751,0.1348,0.3795,0.2224,0.1562,0.1991,0.3364,0.2924,0.1758,0.1196,0.2089,0.1447,0.0831,0.1211,0.0906,0.2667,0.3473,0.2037,0.3236,0.2296,0.1706,0.1227,0.223,0.1304,0.0894,0.1148,0.0891,0.055,0.1829,0.184,0.1267,0.1575,0.1704,0.1906,0.0988,0.1331,0.2185,0.3131,0.1929,0.0793,0.0351,0.0335,0.103,0.1419,0.1519,0.1298,0.0422,0.1941,0.1462,0.1944,0.1434,0.1474,0.2082,0.2963,0.3059,0.6664,0.6936,0.3387,0.4884,0.1242,0.5834,1.0588,0.6464
sub-kLat057,task-ADDT,run-1,0.008620689655172414,NA,0.0851,0.1777,0.5161,0.6433,0.435,0.408,0.2105,0.2528,0.1357,0.1717,0.1218,0.1654,0.2145,0.1258,0.0806,0.1522,0.2616,0.194,0.402,0.629,0.8455,0.0951,0.2765,0.5201,0.2892,0.2509,0.2541,0.2483,0.1812,0.1509,0.1077,0.1536,0.1393,0.1247,0.1654,0.1752,0.2069,0.1378,0.0373,0.1269,0.1761,0.189,0.1656,0.1459,0.088,0.1865,0.2018,0.1909,0.1895,0.1387,0.1499,0.2146,0.2146,0.2105,0.1577,0.0951,0.1335,0.1331,0.1551,0.1249,0.1532,0.1486,0.2164,0.2118,0.2461,0.2538,0.1729,0.2483,0.9269,1.2937,0.636,0.5092,0.2201,0.1313,0.0692,0.1874,0.2729,0.0894,0.0596,0.079,0.1691,0.1898,0.5065,0.4574,0.2133,0.6167,0.1371,0.1642,0.187,0.0752,0.1488,0.154,0.254,0.2789,0.2669,0.2372,0.2207,0.2049,0.1698,0.253,0.3387,0.2503,0.1877,0.1402,0.1396,0.2439,0.27,0.2469,0.2408,0.5869,0.2895,0.6259,0.2213,0.2829,0.2237
sub-kLat058,task-ADDT,run-1,0.008620689655172414,NA,0.0994,0.2047,0.2703,0.1983,0.1538,0.2366,0.1816,0.2474,0.3864,0.2132,0.2385,0.2482,0.1994,0.2915,0.8626,0.6418,0.4248,0.9255,0.7473,0.1903,0.1197,0.341,0.316,0.099,0.1521,0.3266,0.2644,0.2412,0.1767,0.51,0.1795,0.0616,0.1233,0.1808,0.2078,0.2525,0.2588,0.3345,0.1793,0.0658,0.4866,0.1215,0.2147,0.195,0.164,0.2703,0.3221,0.1683,0.1615,0.2123,0.1254,0.1049,0.1399,0.2548,0.2135,0.2254,0.0501,0.2835,0.5368,0.2784,0.2522,0.1506,0.1019,0.2043,0.5562,0.2358,0.1224,0.1892,0.1865,0.1385,0.148,0.1427,0.183,0.0631,0.216,0.2424,0.1596,0.1518,0.0586,0.1776,0.3192,0.2562,0.1365,0.2686,0.2399,0.2953,0.2297,0.6016,1.1133,0.389,0.2542,0.2459,0.2618,0.2699,0.5433,0.2443,0.2282,0.2068,0.0601,0.1798,0.1798,0.1269,0.2009,0.2402,0.2146,0.1875,0.1988,0.1712,0.2037,0.2305,0.3112,0.2464,0.0841,0.1931,0.1795
sub-kLat036,task-ADDT,run-1,0.017241379310344827,NA,0.1916,0.1809,0.1012,0.2175,0.129,0.1832,0.2671,0.409,0.1017,0.141,0.1114,0.0974,0.2334,0.1963,0.3739,0.1635,0.2818,0.277,0.241,0.2383,0.1183,0.23,0.1786,0.0601,0.1826,0.314,0.2579,0.1195,0.1247,0.0441,0.0758,0.092,0.1859,0.36870000000000003,0.3186,0.7199,1.4961,1.2066,0.3358,0.1731,0.2463,0.2139,0.1931,0.6586,0.5848,0.519,0.4037,0.3357,0.2195,0.2284,0.2669,0.6589,0.3056,0.1467,0.1509,0.2472,0.1982,0.175,0.3904,0.1826,0.3712,0.2104,0.124,0.1451,0.075,0.1154,0.1313,0.0863,0.1645,0.2409,0.4334,0.1862,0.1619,0.2078,0.1173,0.1599,0.1735,0.1264,0.3328,0.5612,0.2059,0.2198,0.2175,0.5996,0.8888,0.1905,0.5108,0.1835,0.1226,0.1745,0.3377,0.6785,0.091,0.5942,0.195,0.1759,0.0713,0.3289,0.8291,0.4793,0.134,0.0944,0.0772,0.0826,0.1035,0.1554,0.1003,0.0866,0.218,0.3912,0.1029,0.2726,0.3087,0.2148,0.1285
sub-kLat058,task-ADDT,run-2,0.017241379310344827,NA,0.1432,0.2341,0.2668,0.2805,0.1259,0.2209,0.2662,0.2813,0.1164,0.0637,0.2181,0.1212,0.2438,0.3597,0.1608,0.4398,0.2187,0.5399,0.2465,0.6327,0.2999,0.2058,0.3359,0.1289,0.2484,0.1967,0.5029,0.3523,0.33,0.1603,0.0872,0.2626,0.1627,0.2072,0.1813,0.2316,0.0613,0.2518,0.3073,0.2317,0.326,0.1274,0.1175,0.6434,0.2705,0.3029,0.3708,0.1942,0.0751,0.3747,0.4932,0.2675,0.1907,0.1749,0.2376,0.3153,0.261,0.1915,0.2008,0.9732,1.8057,1.0647,0.2267,0.3743,0.2075,0.0993,0.1775,0.2462,0.0661,0.0994,0.1061,0.2267,0.1481,0.1729,0.1616,0.1691,0.1533,0.37,0.2887,0.6147,0.5761,0.0858,0.1683,0.3172,0.2055,0.5979,0.2151,0.1317,0.2042,0.1741,0.3393,0.226,0.2692,0.3371,0.0633,0.0672,0.1225,0.2459,0.4191,0.4243,0.4314,0.1697,0.1827,0.2348,0.4057,0.3809,0.2717,0.0443,0.1464,0.0887,0.1458,0.2009,0.2155,0.1504,0.7712
sub-kLat003,task-ADDT,run-2,0.02586206896551724,NA,0.3173,0.1597,0.2304,0.5215,0.5532,0.0734,0.1514,0.0783,0.6249,0.3485,0.3649,0.2226,0.5937,0.192,0.124,0.1313,0.283,0.1754,0.2604,0.5408,0.2004,0.222,0.0889,0.3195,0.3648,0.273,0.1686,0.2985,0.2266,0.6226,0.5426,0.1694,0.3059,0.484,1.2748,0.4478,0.1451,0.1158,0.1258,0.1374,0.3357,0.0673,0.0638,0.0854,0.1338,0.6141,0.55,0.3648,0.51,0.2069,0.6322,0.4481,0.3593,0.8649,0.731,0.7298,1.4877,1.4867,0.8504,0.3693,0.3394,0.1878,0.1964,0.5098,0.251,0.3224,0.2295,0.5498,0.9211,0.6736,0.2792,0.4852,0.9482,0.8546,0.1421,0.1068,0.1018,0.25,0.3615,0.5195,0.5902,0.6292,0.2108,0.4411,0.2467,0.2674,0.6501,0.6991,0.5966,0.3898,0.5538,0.0647,0.1805,0.3783,0.2506,0.1803,0.2166,0.1839,0.1607,0.2205,0.3776,0.2575,0.2184,0.3552,0.2466,0.4713,0.5646,0.6473,0.2829,0.5588,0.1903,0.4505,0.1469,0.0974,0.1415
sub-kLat005,task-ADDT,run-2,0.02586206896551724,NA,0.1347,0.2875,0.4644,0.229,0.2818,0.1935,0.0985,0.0803,0.1703,0.1041,0.0905,0.3537,0.0948,0.1872,0.1495,0.2373,0.311,0.1407,0.1778,0.2931,0.226,0.1727,0.1189,0.079,0.1313,0.12,0.2196,0.1812,0.1693,0.1702,0.0708,0.2079,0.1201,0.1878,0.1949,0.2004,0.2939,0.5537,0.0948,0.0766,0.2353,0.2488,0.3202,0.2462,0.2036,0.134,0.1223,0.1404,0.1952,0.4647,0.1391,0.1188,0.2293,0.1767,0.4408,0.6299,0.2691,0.1594,0.4727,0.5892,0.2592,0.2189,0.2732,0.7057,0.3307,0.5111,0.4437,0.6094,0.7938,0.9726,0.5113,0.7866,0.6539,1.2049,1.1108,0.6362,0.5497,0.5223,0.3697,0.6369,0.7041,1.0169,0.1844,0.2687,0.1782,0.2993,0.2638,0.4859,0.6706,0.5092,0.1831,0.0604,0.1826,0.5016,0.1338,0.3363,0.6234,0.4719,0.4489,0.3972,0.2449,0.3805,0.4346,0.2231,0.4944,0.143,0.2021,0.6135,0.4977,0.7815,0.2131,0.4926,0.4603,0.4644,0.7992
sub-kLat010,task-ADDT,run-2,0.02586206896551724,NA,0.1653,0.0949,0.2449,0.3226,0.5053,0.2553,0.4617,0.1888,0.1052,0.4114,0.2014,0.1756,0.3309,0.7484,0.6428,0.8899,0.2499,0.1597,0.1799,0.1308,0.1587,0.0854,0.0954,0.1604,0.1345,0.1701,0.1093,0.1312,0.1981,0.1711,0.0786,0.1333,0.2061,0.4275,0.1961,0.4541,0.9499,0.3225,0.1816,0.8913,0.8188,0.5794,0.3421,0.7082,0.3668,0.178,0.2843,0.3262,0.1006,0.0909,0.2353,0.2147,0.2206,0.1757,0.2334,0.2528,0.103,0.0944,0.1485,0.0704,0.375,0.6265,0.4123,0.1849,0.1161,0.3193,0.6426,1.0112,0.4342,0.4107,0.2107,0.3428,0.384,0.2742,0.2265,0.2731,0.1419,0.307,0.33,0.6481,0.5742,0.3102,0.2456,0.25,0.6914,0.9004,0.3851,0.2653,0.2111,0.1611,0.2172,0.2924,0.3369,0.3619,0.476,0.5965,0.665,0.8236,2.0054,2.7183,0.7253,0.2571,0.3292,0.6874,0.5302,0.2874,0.1927,0.4793,0.6183,0.7992,0.2027,0.4241,0.8375,0.8658,0.5217
sub-kLat006,task-ADDT,run-2,0.034482758620689655,NA,0.4184,0.1843,0.606,0.051,0.2207,0.1488,0.1045,0.048,0.188,0.1416,0.1227,0.1391,0.1102,0.1091,0.0906,0.1233,0.3965,0.1237,0.1073,0.1393,0.0856,0.1827,0.0876,0.1566,0.1124,0.0523,0.1144,0.1141,0.2131,0.1385,0.116,0.1579,0.1013,0.1056,0.0894,0.114,0.0784,0.084,0.0743,0.3431,0.3292,0.2224,0.0943,0.2303,0.1111,0.181,0.0789,0.1546,0.2374,0.175,0.142,0.1308,0.2071,0.3705,0.1985,0.2632,0.5895,1.3853,0.9241,1.1051,0.6266,0.2353,0.2146,0.4997,0.6631,1.5018,0.7236,0.1507,0.188,0.0797,0.1448,0.1161,0.2639,0.1287,0.0607,0.0974,0.1764,0.5319,0.3691,1.2577,0.465,0.3361,0.1426,0.0755,0.1186,0.1264,0.1508,0.1119,0.0415,0.3855,0.122,0.1671,0.1569,0.0452,0.0523,0.0659,0.1565,0.3326,0.9737,0.2598,0.2869,0.3126,0.1843,0.0773,0.1036,0.1057,0.12,0.5372,0.0958,0.0636,0.0843,0.0962,0.0997,0.0732,0.0365
sub-kLat016,task-ADDT,run-2,0.034482758620689655,NA,0.3838,0.7577,0.3402,0.1277,0.2305,0.0902,0.1243,0.194,0.117,0.1911,0.125,0.1207,0.1093,0.1233,0.1734,0.1476,0.3806,0.2629,0.2674,0.2857,0.2809,0.2845,0.2595,0.1578,0.097,0.1369,0.645,0.7932,0.3111,0.1483,0.342,0.4215,0.2538,0.1453,0.6047,1.3341,1.1447,1.1877,0.538,0.2619,0.3763,0.2169,0.1674,0.1488,0.2179,0.1233,0.1517,0.1626,0.1954,0.1219,0.1498,0.2285,0.1823,0.1872,0.3571,0.8827,0.5239,0.1034,0.254,0.2158,0.2188,0.5035,0.2989,0.2347,0.3299,0.0942,0.3843,0.1526,0.0898,0.2185,0.541,0.2105,0.3672,0.1273,0.2851,0.2663,0.6657,0.5385,0.9761,0.6239,0.5201,0.174,0.1236,0.5548,0.0759,0.0632,0.1846,0.5712,0.9824,0.7083,0.4899,0.399,0.0866,0.1295,0.1191,0.1593,0.1783,0.1216,0.3308,0.1736,0.1701,0.0524,0.1184,0.1991,0.475,0.3728,0.3336,0.2189,0.1545,0.1912,0.1594,0.097,0.0247,0.3568,1.0733
sub-kLat038,task-ADDT,run-2,0.034482758620689655,NA,0.0932,0.1141,0.1754,0.173,0.0382,0.1975,0.1622,0.2169,0.3382,0.326,0.3103,0.38,0.4089,0.3043,0.2792,0.2244,0.0568,0.2451,0.1498,0.14,0.1979,0.0902,0.1453,0.1001,0.1486,0.1837,0.5494,0.1137,0.1524,0.1298,0.1918,0.213,0.1914,0.1948,0.1455,0.1566,0.0449,0.0958,0.0855,0.064,0.2254,0.3584,0.3981,0.2106,0.159,0.1797,0.221,0.2249,0.5858,0.2141,0.0999,0.1094,0.0474,0.2084,0.4657,1.5912,2.5181,0.7047,0.3385,0.218,0.0663,0.1065,0.2731,0.8187,0.257,0.2196,0.315,0.2952,0.2382,0.2287,0.2767,0.1089,0.1764,0.141,0.5359,1.2496,1.2503,0.6084,0.4048,0.5484,0.2599,0.1432,0.0671,0.0437,0.1681,0.0444,0.199,0.1529,0.4645,0.7661,0.5714,0.4027,0.282,0.1399,0.0883,0.211,0.2385,0.2312,0.2432,0.1453,0.6722,0.8138,0.2655,0.2035,0.2075,0.2174,0.1679,0.4852,0.2063,0.1016,0.1298,0.1219,0.2143,0.1497,0.1097
sub-kLat022,task-ADDT,run-2,0.04310344827586207,NA,0.1613,0.127,0.0366,0.0608,0.0565,0.0893,0.1636,0.1192,0.1323,0.0547,0.1021,0.0744,0.0979,0.1244,0.0262,0.1257,0.0519,0.0621,0.1031,0.0708,0.084,0.1583,0.1439,0.1178,0.1085,0.1029,0.0799,0.1443,0.5696,0.1107,0.168,0.2162,0.1197,0.0793,0.0954,0.0621,0.0889,0.1704,0.5051,0.3375,0.417,0.1332,0.055,0.0398,0.0549,0.0488,0.1219,0.1197,0.0559,0.0872,0.3483,0.5347,0.1809,0.1504,0.1103,0.3407,0.1077,0.1074,0.0771,0.068,0.1298,0.0863,0.0677,0.036,0.056,0.0541,0.0476,0.0576,0.0646,0.1557,0.2108,0.4064,0.1094,0.152,0.1457,0.1066,0.4307,0.8686,0.6147,0.3774,0.433,0.6141,1.1867,0.7057,0.6678,1.2416,0.5513,0.201,0.215,0.0927,0.7347,0.4234,1.0926,0.6488,0.1684,0.562,0.0896,0.056,0.1019,0.2488,0.1617,0.1981,0.2022,0.5389,1.7013,1.3209,0.349,0.5211,0.5914,0.2099,0.1627,0.1293,0.3993,0.8067,0.4301
sub-kLat013,task-ADDT,run-2,0.05172413793103448,NA,0.0962,0.1072,0.1033,0.1204,0.0893,0.1176,0.1223,0.1071,2.6987,2.5778,1.0326,0.5961,0.2541,0.0238,0.1126,0.1293,0.2459,0.46,0.1849,0.0335,0.1088,0.1167,0.2577,0.2344,0.114,0.1622,0.2959,0.2038,0.1804,0.5506,0.211,1.0316,1.2871,0.7156,0.2171,0.1823,0.1251,0.1192,0.207,0.1577,0.1731,0.0918,0.4435,0.202,0.299,0.1564,0.0861,0.0794,0.1353,0.1225,0.0702,0.0947,0.1461,0.1541,0.115,0.1404,0.0872,0.1469,0.1652,0.127,0.1296,0.1539,0.1981,0.0877,0.1195,0.1403,0.2213,0.2035,0.2182,0.1742,0.0838,0.0516,0.1156,0.5152,0.3247,0.2629,0.1159,0.3738,0.291,0.3411,0.4781,0.3925,0.2709,0.5644,0.1334,0.2711,0.9391,1.3829,0.4111,0.2291,0.7644,0.7151,0.443,0.1035,0.1197,0.2305,0.2402,0.3295,0.4927,0.3119,0.279,0.2519,0.1231,0.145,0.5815,0.3357,0.4853,0.2593,0.2946,0.273,0.1418,0.1671,0.7405,0.5145,0.2248
sub-kLat016,task-ADDT,run-1,0.05172413793103448,NA,0.1398,0.4407,0.9278,0.7503,1.4547,1.4266,0.435,0.245,0.1299,0.2238,0.2563,0.1624,0.1955,0.0947,0.1178,0.2406,0.3627,0.1582,0.1882,0.149,0.2111,0.6531,1.4387,1.1988,1.0307,1.2183,0.607,0.1568,0.1587,0.2922,0.9967,0.4167,0.2504,0.2785,0.2815,0.508,0.4192,0.3075,0.0937,0.1911,0.3593,0.21,0.096,0.0855,0.4819,0.0589,0.1259,0.1446,0.2366,0.1962,0.1126,0.1247,0.1988,0.2268,0.1346,0.392,0.7055,0.165,0.148,0.1185,0.1193,0.2147,0.1784,0.1882,0.0951,0.1702,0.2168,0.1688,0.205,0.0553,0.1197,0.0808,0.0885,0.1973,0.1329,0.0308,0.1467,0.1736,0.3847,0.4114,0.2973,0.194,0.098,0.524,0.1835,0.1857,0.1322,0.1032,0.1247,0.092,0.072,0.0944,0.0847,0.132,0.2165,0.0671,0.1207,0.4252,0.2084,0.343,0.8619,0.3801,0.1725,0.1596,0.1815,0.2044,0.6926,0.1922,0.1347,0.4787,0.0671,0.1248,0.0578,0.0621,0.1899
sub-kLat056,task-ADDT,run-2,0.05172413793103448,NA,0.3292,0.3021,0.5631,0.2338,0.3947,0.3981,0.0842,0.1455,0.2416,0.1569,0.1308,0.0726,0.1681,0.124,0.1147,0.0947,0.1361,0.1034,0.2009,0.1126,0.08,0.147,0.2049,0.1371,0.1619,0.1179,0.0459,0.187,0.309,0.6369,0.291,0.1156,0.2147,0.1872,0.1942,0.2262,0.2296,0.2329,0.1412,0.0536,0.067,0.0612,0.0788,0.2096,0.3645,0.198,0.4319,0.1577,0.1497,0.1467,0.49370000000000003,0.187,0.5149,0.4114,0.1333,0.2054,0.2204,0.1732,0.283,0.2019,0.1491,0.1301,0.3616,0.1203,0.1023,0.1098,0.0957,0.1625,0.0869,0.0882,0.2715,0.4355,0.3103,0.3589,0.2894,0.105,0.2165,0.203,0.1382,0.1833,0.1131,0.3825,0.0858,0.0645,0.1282,0.3654,0.2496,0.4879,0.4725,0.9308,0.6782,0.406,0.9049,0.5964,0.2036,0.4857,1.0598,0.7344,0.2025,0.0898,4.1377,3.0795,8.056,4.4523,1.0603,0.2315,0.4412,0.3457,0.4248,0.5489,0.2086,0.155,0.2999,0.2427,0.0431
sub-kLat005,task-ADDT,run-1,0.0603448275862069,NA,0.2907,0.5759,0.5446,0.5014,0.3863,0.179,0.8969,2.037,1.0105,0.395,0.3188,0.1828,0.2166,0.1517,0.7342,1.19,0.7825,0.2411,0.1503,0.3206,0.6205,0.6033,0.3254,0.2626,0.7394,1.1323,0.5244,0.1579,0.1831,0.0846,0.0297,0.0835,0.1016,0.1569,0.0801,0.4166,0.4452,0.6235,0.5206,0.2605,0.1756,0.2754,0.3622,0.6953,0.3094,0.3157,0.457,0.2741,0.2281,0.2187,0.451,0.0772,0.1543,0.1295,0.1371,0.549,0.4852,0.5038,0.7913,0.1597,0.2235,0.2211,0.098,0.0712,0.4438,0.191,0.2751,0.1595,0.0888,0.1373,0.1128,0.09,0.0922,0.0759,0.0474,0.1099,0.1211,0.0979,0.1152,0.0782,0.1216,0.0831,0.0865,0.0455,0.0697,0.0623,0.0893,0.2681,0.252,0.4311,0.2845,0.072,0.0639,0.0651,0.3395,0.1012,0.0736,0.0939,0.1181,0.8123,1.0077,0.4214,0.3835,0.2365,0.2171,0.4344,1.7802,2.4722,0.7955,0.7032,0.1938,0.4506,0.0926,0.1346,0.234
sub-kLat034,task-ADDT,run-1,0.0603448275862069,NA,0.1601,0.2276,0.4869,0.4418,0.6149,0.2322,0.2966,0.2282,0.4525,0.1248,0.1275,0.1367,0.0502,0.1567,0.133,0.47,0.3036,0.375,0.3323,0.1137,0.1749,0.2504,0.5032,0.1848,0.0828,0.0876,0.118,0.5096,0.4794,0.7965,0.61,0.0746,0.1356,0.1471,0.1135,0.2625,0.1223,0.287,0.2751,0.4111,0.1101,0.1964,0.3417,0.3552,0.3482,0.2347,0.091,0.1803,0.1787,0.1837,0.2482,0.4501,2.2693,3.8727,5.9866,1.7297,0.1511,0.1268,0.1857,0.2225,0.2979,0.2236,0.1165,0.1596,0.1288,0.1297,0.1774,0.326,0.5383,0.4538,0.6712,0.9924,0.4917,0.2986,0.1743,0.2884,0.3018,0.6492,0.4361,0.3088,0.2334,0.1302,0.0961,0.3616,0.6146,0.6968,0.2485,0.266,0.2317,0.1846,0.0806,0.2269,0.2423,0.1368,0.1219,0.2001,0.1727,0.3676,1.8089,6.0737,4.3105,0.627,0.825,0.3801,0.568,0.9173,0.6451,0.8029,0.9986,0.4875,0.5101,0.1737,0.0957,0.1445,0.2207
sub-kLat021,task-ADDT,run-2,0.06896551724137931,NA,0.3618,0.6196,0.4031,0.0959,0.1858,0.1421,0.1005,0.1236,0.1072,0.0541,0.0842,0.0899,0.3378,0.5378,0.1517,0.2024,0.442,0.1364,0.1756,0.4928,0.1692,0.1867,0.2154,0.4443,0.1372,0.0925,0.0587,0.0693,0.1254,0.0976,0.3249,0.2416,0.3089,0.4476,0.137,0.1235,0.1935,0.1799,0.1547,0.0506,0.0795,0.3836,1.4337,2.6857,1.506,0.2902,0.3029,0.1526,0.1458,0.1227,0.1638,0.0995,0.1363,0.1092,0.1022,0.0632,0.0633,1.2907,21.2043,17.0323,0.5263,0.0856,0.1071,0.0545,0.0782,0.0704,0.1469,0.284,0.2006,0.1996,0.2428,0.126,0.1245,0.2319,0.0747,0.0598,0.1429,0.2067,0.0484,0.0893,0.0991,0.155,0.1585,0.2039,0.0891,0.1034,0.1913,0.2673,0.1684,0.1942,0.1766,0.0872,0.0551,0.1152,0.1394,0.1053,0.147,0.1723,0.0637,0.0772,0.0596,0.2664,0.1931,1.0395,0.747,0.6204,0.91,1.7033,0.3671,0.1322,0.0407,0.3192,0.1784,0.1064,0.275
sub-kLat032,task-ADDT,run-2,0.07758620689655173,NA,0.4048,0.3458,0.719,0.7382,0.2709,0.4157,0.786,0.2861,0.1761,0.1975,0.1122,0.092,0.1581,0.3709,0.2758,0.1149,0.1992,0.1584,0.1376,0.1761,0.1513,0.1529,0.1022,0.0955,0.1371,0.1671,0.2286,0.2672,0.3086,0.1088,0.2498,0.2675,0.1459,0.1571,0.1896,0.0919,0.0838,0.093,0.0962,0.1303,0.1937,0.1629,0.1158,0.2337,0.1407,0.0956,0.2216,0.1569,0.1369,0.2564,0.5478,0.5553,0.4855,0.2932,0.2416,0.1487,0.1678,0.2394,0.1535,0.1598,0.3493,0.3864,0.2383,0.5996,0.3366,0.3275,0.2536,0.209,1.0269,1.3606,0.928,0.5702,0.3718,0.4222,0.2161,0.2413,0.4539,0.1816,0.3462,0.7611,0.2936,0.6967,1.2065,0.6431,0.4743,0.5623,0.1833,0.4366,0.132,0.1842,0.0882,0.117,0.175,0.1491,0.177,0.2028,0.1585,0.214,1.2156,1.3644,0.8613,0.5826,0.4365,0.557,0.2585,0.1501,0.1851,1.1126,1.2258,1.608,1.9524,0.9632,0.4078,0.8771,0.1842
sub-kLat003,task-ADDT,run-1,0.08620689655172414,NA,0.0941,0.1954,0.1674,0.2659,0.2784,0.6638,0.6462,0.2317,0.219,0.8237,1.6396,0.8233,0.1693,0.6411,0.5489,0.293,0.1995,0.1201,0.0702,0.3175,0.5045,0.3452,0.3437,0.3373,0.7267,1.0637,0.6519,0.1438,0.1559,0.2085,0.2364,0.3058,0.1316,0.1624,0.1602,0.2031,0.6981,1.3645,0.7069,0.2888,0.2458,0.4878,0.3161,0.168,0.1195,0.1145,0.1689,0.1515,0.6265,1.4814,1.0808,0.4468,0.3777,0.2818,0.3521,0.7966,0.0889,0.5858,0.6733,0.5844,0.2888,0.2652,0.1189,0.1795,0.4852,0.6906,2.3867,4.8707,2.5274,1.2686,0.545,0.3052,0.4896,0.5824,0.4381,0.3598,0.2861,0.3754,0.647,0.7782,1.0365,0.6185,0.0718,0.1709,0.6285,0.6236,0.1502,0.1491,0.1241,0.1067,0.2239,0.183,0.3943,0.2749,0.1682,0.1792,0.4205,0.7341,0.4209,0.1623,0.0816,0.0711,0.1218,0.0342,0.0795,0.2191,0.2418,0.2125,0.2448,0.2533,0.7405,0.4115,0.5361,0.1883,0.16
sub-kLat022,task-ADDT,run-1,0.08620689655172414,NA,0.1393,0.2995,0.0705,0.2033,0.2808,0.217,0.1923,0.1083,0.0644,0.1049,0.0794,0.0434,0.0806,0.5068,0.2934,0.6259,0.8433,1.5763,0.2431,0.2037,0.2734,0.481,0.7061,0.1163,0.5436,1.3903,1.0962,0.1709,0.1628,0.2642,0.0991,0.2122,0.1841,0.4037,0.147,0.1704,0.2021,0.1496,0.0778,0.0901,0.3472,0.1232,0.1284,0.4489,2.368,1.9137,0.6327,0.3522,0.8282,0.3926,0.6186,1.9765,1.3848,0.1597,0.1003,0.1127,0.1868,0.1442,0.0955,0.0456,0.415,0.9807,0.7884,0.1497,0.5121,0.0763,0.1963,0.1967,0.8258,0.4194,0.8367,1.1335,0.634,0.2169,0.2463,0.3408,0.3142,0.1825,0.3393,0.983,0.9462,0.218,0.1541,0.0821,0.6883,1.7105,1.297,0.4718,0.4882,0.7025,0.3431,0.1601,0.3399,0.2447,0.1551,0.0644,0.1721,0.179,0.5943,0.4187,0.2077,0.1178,0.1302,0.2597,0.2615,0.3604,0.5759,0.0851,0.1314,0.1229,0.0683,0.1179,0.0311,0.0652,0.0808
sub-kLat014,task-ADDT,run-3,0.10344827586206896,NA,0.1092,0.1033,0.1159,0.2365,0.1429,0.0774,0.1777,0.3055,0.2453,0.3803,0.1292,0.1906,0.2152,0.1049,0.0859,0.1022,0.1627,0.1265,0.1892,0.1874,0.361,0.3738,0.1938,0.1635,0.1596,0.2463,0.2646,0.2991,0.0691,0.0909,0.4509,0.1063,0.0975,0.3941,1.0193,0.3892,0.1298,0.3187,0.7408,0.5651,0.1548,0.1169,0.2261,0.5001,0.4148,0.1076,0.2222,0.1545,0.1746,0.1911,0.2471,0.3452,0.7279,0.4339,0.3399,0.3987,0.494,0.1942,0.2082,0.1846,0.3761,0.108,0.1881,0.0684,0.2066,0.5353,0.3863,0.211,0.1743,0.4799,0.1305,0.1788,0.1386,0.066,0.0815,0.1082,0.1978,0.4537,0.9663,0.4232,0.1077,0.4724,0.6841,0.0984,0.1038,0.3965,1.4287,1.3443,0.7355,0.2947,4.4731,6.1942,2.0944,0.6661,0.3135,0.1653,0.1293,0.342,0.3096,20.4648,15.9779,1.3412,0.3505,0.6218,0.5134,0.2121,0.9687,0.5238,13.468,9.2038,1.2511,0.8605,0.2065,0.8626,0.1694
sub-kLat054,task-ADDT,run-1,0.10344827586206896,NA,0.0657,0.2025,0.2609,0.3044,0.2457,0.1929,0.1941,0.1264,0.1255,0.1413,0.094,0.0859,0.0839,0.1181,0.1298,0.0678,0.0708,0.1052,0.1255,0.1552,0.1731,0.0602,0.0831,0.1208,0.195,0.2295,0.1604,0.1015,0.0411,0.1667,0.2421,0.7269,0.1989,0.1257,0.4724,0.1054,0.0737,0.2832,0.1301,0.2258,0.1591,0.1182,5.682,8.5122,1.8213,4.2717,0.7077,0.277,0.217,0.1337,0.0684,0.1154,0.1582,0.1595,0.2286,0.1377,0.2065,0.73740000000000006,0.1206,0.7039,0.3447,0.6628,0.1504,0.5808,0.0929,0.1779,0.1161,0.1443,0.369,0.1579,0.1299,0.189,0.4948,1.0657,1.0448,1.1554,0.8737,0.234,0.1349,0.2761,0.7264,1.3146,0.8718,0.2472,0.1114,0.2619,0.4932,0.6458,0.9554,0.5289,0.1763,0.9993,1.8254,1.1561,0.1654,0.1585,0.0856,0.1365,0.3045,0.5348,0.1033,0.0923,0.1104,0.1999,0.111,0.1768,0.1576,0.1875,0.7185,1.3878,2.2744,0.998,0.2484,0.2355,0.0892
sub-kLat013,task-ADDT,run-1,0.1206896551724138,NA,0.0307,0.1505,1.3827,1.9424,1.4041,0.3883,0.2244,0.3337,0.1126,0.1938,0.1245,0.0972,0.1714,0.6376,0.0878,0.2533,0.1235,2.188,4.3989,2.1143,0.3008,0.1491,0.1111,0.1192,0.1806,0.1658,0.26,0.553,0.1123,0.0962,0.0359,0.0812,0.0457,0.1735,0.1306,0.1902,0.5794,0.4523,0.2461,0.101,0.0835,0.1846,0.2041,0.1732,0.2267,0.2832,0.2003,0.1877,0.2801,0.5057,1.2242,0.8973,0.8438,1.1946,1.4928,0.7605,0.217,0.3884,0.3228,0.283,0.4867,1.0203,0.7174,0.3559,0.2691,0.2479,0.2964,1.3481,2.3854,1.2137,0.3198,0.1711,0.1637,0.1264,0.2059,0.0956,0.1446,0.1955,0.1823,0.0754,0.1154,0.0722,0.1185,0.307,0.8404,0.0639,0.0503,0.0714,0.1963,0.1332,0.5222,0.0555,0.05,0.2476,0.3184,0.4781,0.6121,0.4819,0.2318,0.2098,0.1456,0.198,0.6629,1.0542,0.2662,0.1776,0.1427,0.1179,0.1137,0.1475,0.1479,0.1385,0.0695,0.1289,0.5026
sub-kLat032,task-ADDT,run-1,0.12931034482758622,NA,0.4468,0.8264,0.4067,0.4512,0.257,0.2511,0.1361,0.0957,0.1526,1.0108,1.8499,1.2464,0.5967,0.1509,0.1249,0.1307,0.0966,0.239,0.2251,0.4757,0.4591,0.3085,0.2635,0.1977,0.2402,0.2474,0.2204,0.2236,0.6506,1.2771,1.8011,0.9046,0.1043,0.1938,0.1351,0.0432,0.0942,0.1404,0.1406,0.7469,1.1763,0.8239,0.2514,0.1697,0.1302,0.2034,0.1172,0.0471,0.1179,0.0804,0.24,0.2481,0.5023,0.9673,1.679,0.9746,0.3764,0.098,0.0423,0.2104,0.1892,0.1863,0.2334,0.4056,0.1259,0.0508,0.2381,0.1512,0.6043,1.4383,1.654,0.7216,0.1891,0.0862,0.124,0.046,0.047,0.0928,0.1131,0.0629,0.1736,0.2265,0.1561,0.1142,0.1115,0.1315,0.1094,0.0434,0.0964,0.6106,0.9176,1.258,1.1636,0.6658,0.6956,0.549,0.2367,0.2297,0.2078,0.8691,1.3294,0.9274,0.8146,0.587,0.2534,0.1902,0.4743,0.295,0.1424,0.0718,0.7071,1.613,3.3498,2.0756,0.4059
sub-kLat010,task-ADDT,run-1,0.13793103448275862,NA,0.1361,0.1483,0.4652,1.0478,0.857,0.5671,0.2945,0.9002,0.6139,0.2522,0.2048,0.2802,0.305,0.1656,0.3657,0.4759,0.2057,0.4417,0.8716,0.898,0.5079,0.3781,0.3384,0.5963,0.406,0.2934,0.1602,0.197,0.0973,0.4164,0.5446,0.6207,0.1218,0.271,0.1378,0.8119,1.2701,1.391,0.6464,0.3722,0.7236,0.2056,0.2476,0.391,0.3636,0.1967,0.3474,0.6038,0.353,0.5523,0.4118,0.3817,0.246,0.6963,1.6921,1.2717,0.9954,0.6801,0.2099,0.3068,1.532,2.975,1.7028,0.1799,0.4139,0.1989,0.3347,0.4853,0.4423,1.252,1.105,0.9271,0.6506,0.2524,0.7023,0.9212,0.5679,0.231,0.23,0.2278,0.3218,0.2184,0.1897,0.562,0.7607,0.561,1.0369,1.3603,1.324,2.5656,1.012,0.5783,0.43,0.8886,0.1789,0.1509,0.127,0.1004,0.0768,0.221,0.5827,0.8394,0.4486,0.1533,0.057,0.205,0.2143,0.1803,0.4222,0.2729,0.3494,0.6261,0.1332,0.8769,1.2331
sub-kLat011,task-ADDT,run-2,0.13793103448275862,NA,0.2201,0.129,0.2607,0.3674,0.4754,0.3593,0.2616,0.3473,0.2613,0.2993,0.2858,0.4977,0.2809,0.6852,0.3394,0.4161,0.6026,0.3404,0.5199,0.3841,0.3669,0.4227,0.2369,0.5269,0.3765,0.5397,0.4983,0.0715,0.1831,0.8277,1.4283,0.8638,0.5007,0.4918,0.1544,0.3442,0.6354,0.6806,0.5286,0.5255,0.7104,0.6266,1.1624,0.683,0.2854,0.1276,0.1363,0.3079,0.41,0.7767,0.3568,0.0981,0.3964,0.6882,0.6041,0.793,0.9243,0.5762,0.6692,0.493,0.6953,0.7819,1.0037,0.3881,0.9496,0.894,0.7534,1.113,0.6841,0.4272,0.2406,0.2402,0.3514,0.3986,0.4319,0.1827,0.3549,0.5711,0.9001,0.5275,0.2462,0.1771,0.7346,1.1645,0.7269,0.8859,0.9205,0.4021,0.2663,0.6055,0.7112,1.0006,0.8042,1.1077,1.1118,1.1816,0.3115,0.4701,1.39,1.791,0.9403,1.3314,0.7741,0.4255,1.4573,1.1995,0.5886,0.1895,0.3847,0.5643,0.6369,0.8597,0.3502,1.217,1.8823
sub-kLat028,task-ADDT,run-2,0.13793103448275862,NA,0.1505,0.4164,0.6367,0.1679,0.9457,1.8302,0.7574,0.4345,0.9054,0.8904,0.4193,0.2402,0.2539,0.373,0.5152,0.1189,0.28,0.3808,0.7949,0.0737,0.1479,0.1295,0.1699,0.4348,0.3695,0.6335,0.2142,0.1574,0.1626,0.1092,0.3594,0.1128,0.0945,0.1385,0.2889,0.4094,0.7317,0.4052,0.5443,0.548,6.4849,10.2378,3.747,0.8968,2.5439,1.0452,2.6052,0.6459,0.5408,0.7419,0.2509,0.1474,0.313,0.6572,0.2712,0.2772,0.39,0.462,0.3881,0.1967,0.0908,0.3128,0.4962,0.2017,0.199,0.3764,0.2199,0.2157,0.3799,0.8766,0.8338,0.7204,0.4011,0.7128,0.2709,0.2688,0.3222,0.3917,0.2824,0.1523,0.2758,0.7321,1.4214,0.6503,0.4466,0.6081,0.5397,0.1618,2.6496,4.8406,2.0754,0.4118,0.2679,0.3897,0.5869,0.2316,0.6967,0.5524,0.5066,1.0161,0.5079,0.1205,0.136,0.9881,0.5335,0.7515,0.5873,0.4002,0.4015,0.5669,0.4415,2.3724,2.7913,2.1222,1.0397
sub-kLat028,task-ADDT,run-1,0.14655172413793102,NA,5.3054,19.382,12.5558,0.521,0.9897,2.2455,1.8368,0.36870000000000003,0.131,0.2864,0.2534,0.2892,0.5023,0.3853,0.1938,0.5233,1.1377,1.3864,0.5448,0.2504,0.2922,0.2153,0.0868,0.1612,0.3189,1.3319,2.8505,2.636,1.7176,0.6875,0.2028,1.7807,1.787,0.4832,0.3354,0.6323,0.1666,0.1628,0.243,0.2575,0.1196,0.3917,0.5087,0.4258,0.8646,0.8553,0.2661,0.2872,0.4974,0.6859,0.3757,0.4764,0.3882,0.3384,0.2825,0.4537,0.9108,0.6616,1.791,0.3196,0.6132,0.438,0.9446,1.353,0.5012,0.3109,0.3267,0.4441,0.3073,0.1861,0.5113,0.41,0.2839,0.1574,0.0849,0.2013,0.1439,0.1667,0.6268,0.146,0.3832,0.3003,0.6597,0.4153,0.4697,0.1556,0.3753,0.3862,0.4946,0.3109,0.7992,0.7406,0.5898,0.5935,0.6915,0.1367,0.3835,0.4884,0.4787,0.9145,0.806,0.2168,0.2456,0.3313,0.792,1.294,0.6735,0.624,0.1773,0.7162,1.1671,0.3069,0.5634,0.7177,0.6751
sub-kLat017,task-ADDT,run-2,0.15517241379310345,NA,0.2708,0.4476,0.6276,1.0107,0.8852,0.2636,0.4242,0.1852,0.3988,0.5604,0.4133,0.2964,0.5339,0.7435,0.1019,0.6952,1.4499,1.8606,0.4287,0.5408,0.687,1.1672,0.691,0.4674,0.4796,0.5385,1.0829,0.4461,0.3622,0.7066,0.513,0.3352,0.2189,0.2013,0.1628,0.1461,0.1508,1.0442,2.2644,1.8428,0.7786,0.1236,0.2452,0.2408,0.1475,0.1453,1.0419,1.8129,0.7904,0.3794,0.6104,0.2624,0.6558,0.208,0.1518,0.1697,0.5072,0.1646,0.3598,0.4669,0.3294,0.2429,0.2273,1.2559,2.4606,1.89,1.0808,1.8001,1.0586,0.318,0.3542,0.5517,0.4537,0.5293,0.73,0.7133,0.3878,0.1218,0.569,0.3962,0.1823,0.2687,0.4446,0.4953,0.9293,1.1855,0.5431,0.657,0.8523,0.3876,0.4018,0.5417,0.942,0.5821,0.3602,0.303,0.6633,0.5365,0.344,0.254,0.137,0.1836,0.1408,0.3124,0.6142,0.3942,0.2909,0.2333,0.8915,1.4486,0.8945,0.6677,0.5028,0.6447,0.3136
sub-kLat020,task-ADDT,run-1,0.15517241379310345,NA,0.0875,0.0626,0.1281,0.1968,0.1297,0.1954,0.0938,0.0685,0.0404,0.1063,0.6929,1.2927,0.7129,0.1413,0.2737,0.2326,0.4606,0.1155,0.2674,0.2788,1.0363,1.7939,0.84,0.1088,0.4701,0.1521,0.2074,0.1049,0.0666,0.1405,0.0992,0.1976,0.108,0.083,0.0901,0.1211,0.1547,0.078,0.106,0.1168,0.1119,0.1566,0.1195,0.0834,0.1294,0.1514,0.0901,0.1075,0.0695,0.0565,0.0454,0.0661,0.1335,0.0824,0.3826,0.5666,0.3657,0.11,0.1729,0.0711,0.0989,0.3586,0.6435,0.2991,0.4915,0.8623,0.3274,0.1551,0.4123,0.2313,0.2757,0.3361,0.7497,1.1185,1.2973,0.2618,0.206,0.0826,0.2029,0.1294,0.1503,0.3875,0.1173,1.1579,1.6492,0.7531,1.5626,1.0947,0.7952,0.2385,3.1987,5.3816,2.4843,0.2804,0.3732,0.1785,0.1253,0.5462,2.1607,2.0526,0.634,0.7104,0.5058,0.4458,0.7791,0.6674,0.2664,0.411,0.9597,1.0597,5.8432,7.7839,1.7302,0.5059,0.2808
sub-kLat054,task-ADDT,run-2,0.15517241379310345,NA,0.0949,0.4769,0.623,0.2044,0.5457,0.0888,0.0781,0.0956,0.1662,0.1991,0.04,0.122,0.1362,0.2228,0.1541,0.1642,0.1036,0.0984,0.0376,0.1543,0.1268,0.1662,0.1245,0.278,0.2557,0.1905,0.0753,0.1672,0.0981,1.1061,2.6364,3.1131,0.3554,0.5072,0.409,0.4969,0.1094,0.3866,1.1443,2.0455,0.7023,0.3065,0.508,0.8153,0.9818,0.3597,0.2256,0.7649,1.9124,0.9413,0.2073,0.1397,0.0974,0.2529,0.0734,0.1102,0.3386,0.3344,0.6858,0.6191,0.1082,0.1783,0.124,0.1609,0.1236,0.1743,0.8293,0.9759,0.4127,0.7617,0.3333,0.2215,0.0984,3.3648,3.7697,1.1944,0.4998,0.2612,0.8819,1.8402,1.0797,0.1467,1.0959,1.7775,0.8502,2.6859,5.0192,5.7065,3.0911,0.0884,0.1385,0.4904,0.7584,0.2638,0.1164,0.1104,0.2134,0.373,0.2014,0.2389,0.2209,0.325,0.1757,0.078,0.083,0.0545,0.0766,0.0956,0.7642,1.8342,0.9972,0.3861,0.2849,0.183,0.5194
sub-kLat027,task-ADDT,run-2,0.16379310344827586,NA,0.1517,0.4403,0.7833,0.4237,0.2817,0.0596,0.2126,0.3749,0.7382,0.2136,0.2287,0.3577,0.3876,0.2695,0.8553,1.052,0.2292,0.5121,0.1529,0.1461,0.1017,0.2115,0.1847,0.2048,0.1935,0.315,0.3044,0.1993,0.156,0.4293,0.3459,0.8308,0.5484,0.4492,0.6853,0.5182,0.5936,0.4311,0.3892,0.2771,0.1461,0.428,0.647,0.1723,0.1315,0.3914,0.5101,0.2857,0.2848,0.328,0.2099,0.1672,0.2104,0.4416,0.7143,1.8708,1.7614,0.3951,0.7504,0.639,0.3382,0.5504,0.7491,0.7893,1.7552,2.8689,0.798,0.7916,0.5187,0.6235,0.2712,0.3827,0.8819,1.4719,0.665,1.0988,0.7266,0.4481,0.1916,0.1417,0.5118,0.423,0.7496,0.4272,1.2793,1.5307,1.1127,0.3766,0.2641,0.3099,0.7716,0.131,0.5191,0.3666,0.5828,0.8777,1.0604,0.5817,0.9116,1.1637,0.5829,0.727,0.4735,0.3086,0.5367,1.1025,1.7697,0.8351,0.4439,1.0841,1.0559,1.7099,1.3433,1.2357,0.5144
sub-kLat038,task-ADDT,run-1,0.16379310344827586,NA,0.1148,0.2013,0.2775,0.9139,0.9236,0.2909,0.388,0.5008,0.4796,0.1561,0.213,0.3102,0.8698,0.9052,1.9043,1.4165,1.4541,0.5722,0.432,0.3694,0.2887,0.2253,0.4824,1.1064,0.6985,1.067,1.7783,0.6632,0.0845,0.2323,0.5642,0.265,1.05,1.9612,0.9782,0.5642,0.1716,0.1985,0.8574,1.5466,0.5208,0.2483,0.1888,0.3043,0.6307,0.6877,0.3813,0.3267,0.311,0.318,0.2679,0.2006,0.2499,0.2828,0.1495,0.5285,0.7895,1.5798,0.9737,0.3072,0.1838,0.2559,0.1411,0.0702,0.0919,0.0712,0.139,0.2277,0.0527,0.1356,0.1429,1.2131,1.2889,1.6234,1.3697,0.2312,0.3369,0.8389,0.7206,0.4172,0.2802,0.601,2.5077,1.9926,0.2815,0.2629,0.9564,0.4292,0.2773,0.2171,0.0877,0.1376,1.3816,3.5035,2.0088,0.4811,0.3623,0.1944,0.3138,0.517,0.236,0.1829,0.1924,0.2155,0.3216,0.2584,0.5789,0.8295,0.1858,0.6309,0.0944,0.2015,0.5212,0.2007,0.1577
sub-kLat051,task-ADDT,run-1,0.16379310344827586,NA,0.1479,0.2353,0.1834,0.1858,0.19,0.1178,0.1355,0.063,0.1608,0.1004,0.0399,0.0504,0.0833,0.0453,0.1102,0.5512,0.128,0.0664,0.0961,0.1174,0.2405,0.0638,0.1497,0.0825,0.0878,0.1142,0.0354,0.0905,0.044,0.0347,0.0748,0.142,0.1498,0.0632,0.1064,0.0937,0.086,0.0875,0.0616,0.0707,0.0259,0.0735,0.1186,0.4988,0.3767,0.61240000000000006,0.312,0.2091,0.1065,0.1366,0.6773,0.3198,0.3416,0.8235,1.298,0.6692,0.2868,0.2489,0.1811,0.1099,0.0836,0.1743,0.4413,4.2184,8.5296,6.8279,1.8774,0.7049,1.6194,3.671,3.0772,0.1839,0.2875,0.3598,2.0809,6.8824,13.3384,6.9346,1.1424,0.22,0.1628,0.1296,0.3109,0.2037,0.114,0.0425,0.1299,0.119,0.094,0.0843,0.0575,0.0584,0.253,0.3207,0.7655,0.4333,0.2028,0.1443,0.1602,0.1626,0.093,0.0315,0.1184,1.0168,1.8652,1.1598,0.3782,0.1409,0.2159,0.3109,0.2412,0.8031,3.4863,3.4222,12.069
sub-kLat009,task-ADDT,run-2,0.1724137931034483,NA,0.1188,0.0885,0.0824,0.0953,0.2315,0.3587,0.2523,0.1409,0.0886,0.0456,0.0812,0.127,0.2019,0.324,0.5268,2.6014,3.676,1.0955,0.1932,0.3417,0.6496,0.9936,1.8718,0.8278,0.1763,0.1008,0.507,0.4913,0.2202,0.1244,0.1058,0.1606,0.5636,0.1517,0.3178,0.8409,3.6528,3.0844,0.3201,0.1834,0.3941,0.5695,0.9423,1.4396,1.3415,0.3308,0.2883,0.1893,0.1516,0.2811,0.9267,0.2273,0.4996,0.2306,0.2258,0.1545,0.4458,1.2635,1.2313,0.2429,0.125,0.5194,1.8325,1.4271,0.7695,1.1755,0.9337,0.1769,0.124,0.2977,0.6569,2.2254,1.2666,1.5151,0.4708,0.2478,0.1118,0.2321,0.3613,0.0876,0.2357,0.224,0.1719,0.0862,0.2235,0.1724,0.138,0.6494,1.6076,0.8266,1.9529,3.6328,2.4993,0.4811,0.7712,0.9941,0.3999,0.237,0.1931,0.3618,0.5347,0.188,0.1464,0.1947,0.076,0.1057,0.6008,0.8742,0.566,0.2861,0.4517,0.3847,0.3787,0.2412,0.1724
sub-kLat020,task-ADDT,run-2,0.1724137931034483,NA,0.1734,0.096,0.1181,1.3126,2.3443,1.073,0.0792,0.1133,0.0697,0.1965,0.2113,0.1201,0.1392,0.3989,0.1469,0.0576,0.3229,0.2402,0.1429,0.1103,0.1737,0.1123,0.2116,0.1725,0.4279,0.0873,0.2241,1.1578,2.1948,1.0551,1.0471,0.3046,0.28,0.258,0.3888,0.1144,0.1585,0.7166,0.5949,0.2316,0.1461,0.1854,0.4833,0.223,0.2147,0.1174,0.2167,0.1953,0.2619,0.1594,0.1177,0.1119,0.204,0.1554,0.0808,0.0868,0.1529,0.0795,0.1104,0.1727,0.0731,0.2633,0.2391,0.0921,0.1203,0.1104,0.0942,0.1009,0.0655,0.2401,0.4543,1.1169,0.7165,0.8331,0.6459,0.2109,1.3865,2.443,1.2542,0.3211,2.9074,5.1495,2.5586,0.2345,0.1426,0.1528,0.3959,0.8664,1.52,0.4849,0.1613,0.1581,0.087,0.1769,0.1276,0.0658,0.044,0.0825,0.1393,0.2168,0.6417,1.4312,0.9256,0.5673,0.4235,0.6679,0.3694,0.4703,0.5288,0.2704,4.4038,10.1985,6.6267,1.2901,0.7323
sub-kLat029,task-ADDT,run-1,0.1724137931034483,NA,0.1974,0.3924,0.3104,0.4467,1.1508,0.7341,0.1735,0.1028,0.201,0.205,0.2013,0.1754,0.2555,0.075,0.5259,0.1373,0.1322,0.3013,0.1528,0.2016,0.2154,0.1736,0.2503,0.2505,0.2356,0.1363,0.1661,0.2493,0.1613,0.2804,0.3826,0.9624,0.1811,0.1433,0.5861,0.0549,0.1291,0.1508,0.2042,0.1498,0.4454,0.8745,2.1249,1.9704,0.8799,3.4878,5.48,2.0551,0.3395,0.5123,0.3434,0.1284,0.276,0.1717,0.0518,0.1354,0.1721,0.0968,0.1403,0.2061,0.1377,0.2421,0.1869,0.0742,0.1202,0.1613,0.1981,0.1929,0.1565,0.0528,0.3189,0.4803,0.2394,0.1717,0.2584,0.5292,1.1176,0.9888,0.2208,0.6683,1.5895,1.1743,0.3238,0.2237,0.5232,0.9528,1.2888,0.5502,0.6,0.3986,0.1626,0.7204,2.793,3.8313,5.1473,13.2047,9.3818,0.7742,0.9815,1.4301,2.2537,2.5618,0.5351,0.3663,0.2088,0.5302,2.0665,1.9273,0.4208,0.624,0.2178,0.1415,0.0822,0.4762,0.7002
sub-kLat034,task-ADDT,run-2,0.1810344827586207,NA,0.0913,0.1301,0.3064,0.209,0.0989,0.1119,0.0466,0.1558,0.1551,0.0693,0.1696,0.2387,0.1924,0.1195,0.1233,0.2173,0.1231,0.1295,0.1949,0.1734,0.4291,0.1167,1.2166,2.1959,1.0176,0.3597,0.5176,0.5376,1.4533,1.8574,0.8439,0.5147,0.3193,0.368,0.546,1.0501,0.249,0.5931,0.1414,0.1773,0.189,0.1293,0.1578,0.123,1.2758,4.336,3.6952,0.9863,1.3188,0.3558,0.1227,0.0783,0.1914,0.2468,0.2547,0.1564,2.1036,7.6086,7.7741,1.9507,0.6848,0.2974,0.1437,0.0422,0.2321,0.1681,0.1523,0.094,0.0689,0.2492,0.4089,0.0996,0.1523,0.113,0.0962,0.1892,0.669,0.8541,0.7964,0.1741,0.4391,0.3468,0.3617,0.41,0.2602,0.2132,0.1883,0.2869,0.4151,0.5007,0.6655,0.7657,1.3619,0.4463,0.0861,2.4545,2.9627,2.6245,2.1244,1.7652,1.0821,0.5205,0.3949,0.1854,0.2572,0.4056,0.8754,0.7668,0.8057,0.4964,0.3146,0.1994,0.2544,0.1699,0.5155
sub-kLat050,task-ADDT,run-1,0.1810344827586207,NA,0.259,0.4994,0.2683,0.1439,0.3891,0.6765,0.4053,0.7879,0.1405,0.5961,0.2037,0.2441,0.1325,0.4904,0.8666,0.5527,0.1845,0.6183,0.9765,0.7965,0.99,1.3017,1.0295,0.1638,0.1391,0.1554,0.3236,0.1605,0.965,1.8629,0.7263,0.7286,0.6821,0.5228,0.4602,0.6432,0.9356,1.8926,1.2475,1.1929,2.1377,1.695,0.9251,1.6609,7.55,17.1282,7.083,1.2947,0.534,0.2795,0.4774,0.7583,0.5222,0.7031,0.6401,0.8804,3.5242,6.8693,4.1037,1.3027,0.8113,1.1221,0.3214,0.4179,0.2703,0.1477,0.451,0.1274,0.1048,0.0864,0.2975,0.4774,0.5796,1.3182,1.8243,0.6089,0.7485,0.2312,0.2794,0.5927,1.1554,0.7568,0.1302,0.2126,0.1133,0.0739,0.3735,0.5274,0.3244,0.2682,0.0978,0.2628,0.5645,0.4991,0.7584,0.5915,0.0975,0.2881,0.2256,0.1169,0.1462,0.1929,0.1713,0.3286,0.2782,0.2182,0.099,0.1283,0.1459,0.1267,0.1646,0.1361,0.2571,0.6102,0.5824
sub-kLat040,task-ADDT,run-1,0.1896551724137931,NA,0.3598,0.2578,0.5433,0.5488,0.8504,0.1682,0.2628,0.6952,0.1822,0.3426,0.8235,0.3941,0.4849,0.5107,0.2997,0.9996,1.1242,0.8378,0.5461,0.5264,0.4246,0.9791,0.8272,0.8969,0.8848,0.7332,0.6722,0.7741,0.9328,1.2775,1.0074,0.162,0.4728,0.3711,0.7628,0.6396,0.6567,0.3351,0.6562,0.6004,0.912,0.9507,0.7212,0.2354,0.4812,0.7033,0.2767,0.2448,0.8183,0.9508,0.4688,0.145,0.204,0.2848,0.2462,5.4304,4.8249,5.068,7.7118,7.4578,3.8866,0.6808,1.2101,1.3262,2.2442,1.1282,1.0479,9.5968,2.4302,2.0508,2.3333,3.1792,1.2327,2.2444,0.6753,0.5198,0.9778,0.628,1.3294,0.3592,0.3642,0.5606,0.43,0.5561,0.5508,0.896,0.5845,0.5031,0.5379,0.2727,0.3204,0.6509,0.8166,0.3413,0.4361,0.3648,0.3306,0.1769,0.3346,0.1517,0.3693,0.452,0.1713,0.0841,0.1988,0.2631,0.3118,0.2312,0.2863,0.5576,0.556,0.47,0.5663,0.7573,0.2311
sub-kLat059,task-ADDT,run-1,0.1896551724137931,NA,0.8828,1.3532,0.3562,0.5633,1.1613,0.5278,0.0822,0.0903,0.1264,0.2245,0.0818,0.2493,0.444,1.038,0.7637,1.2814,0.6892,0.1772,0.5268,0.9372,0.9086,0.4644,0.2173,0.3223,0.4422,0.452,0.6595,1.5464,3.6233,2.392,0.4795,0.4094,0.5918,0.3038,0.5248,0.3606,0.5291,1.0772,0.2674,0.2314,1.3252,1.9575,2.3378,2.2365,1.7669,2.2062,3.4454,1.5223,0.3656,0.5578,0.3565,0.212,0.3784,0.4088,0.5721,0.3078,0.2824,0.3204,0.4856,0.3194,0.1485,0.4618,0.5429,0.3701,0.0861,0.1804,0.1977,0.2466,0.4853,0.2963,0.6597,0.1462,0.0992,0.1135,0.375,0.1983,0.2869,0.3455,1.2588,3.2486,3.0718,1.259,0.5436,0.508,0.8025,0.6279,0.6881,0.5508,0.2382,0.3372,0.4979,0.6164,0.4195,0.2439,0.7804,0.3659,0.5027,0.255,0.3162,0.2203,0.393,0.9165,0.7293,0.8633,1.0062,0.7192,1.0707,0.087,0.2827,0.3563,0.4102,0.4907,0.3802,0.5388,0.7353
sub-kLat026,task-ADDT,run-2,0.19827586206896552,NA,0.1697,0.349,0.3177,0.6572,0.1847,0.188,0.4936,0.735,0.233,0.3253,0.1526,0.5535,0.9617,0.4229,0.6888,0.5003,0.5492,0.3185,0.2344,0.366,0.8528,1.1953,0.3381,0.4798,0.5372,0.5387,0.3968,0.5087,0.4819,0.9189,0.4426,1.1778,1.7056,0.4706,0.4662,1.3938,1.2235,0.3673,0.435,0.4652,0.322,1.1986,1.7798,1.2206,0.6904,0.2802,0.2943,0.8625,1.0628,1.3692,1.3212,0.5676,0.384,0.4689,1.1832,0.9982,0.2095,0.2801,0.4766,0.2817,0.3484,0.3834,0.394,0.3338,0.469,0.3121,0.6139,0.1337,0.076,0.0805,0.2274,0.5766,0.8446,0.818,0.7801,0.8576,1.0729,1.1709,1.0343,1.3599,1.2847,1.4409,1.4329,0.7983,0.7535,1.1002,0.6045,0.2371,0.201,0.1506,0.252,0.1451,0.5857,0.8806,0.5105,0.2427,0.4855,0.7364,1.0276,1.3888,0.7353,0.6904,0.7273,0.7201,0.4359,0.382,0.5594,0.3269,0.1784,0.0481,0.2601,0.0853,0.1616,0.7929,1.9733
sub-kLat012,task-ADDT,run-2,0.20689655172413793,NA,0.1722,0.307,0.2255,0.1062,0.2065,0.1564,0.1153,0.2059,0.1534,0.2234,0.2552,0.1543,0.3652,0.6402,0.364,0.1828,0.0881,0.1347,0.175,0.0673,0.1378,0.4878,1.1004,0.6162,0.2494,2.1095,2.5711,1.086,1.8933,0.2292,0.3877,0.301,0.2715,0.2729,0.6046,1.4513,1.0243,0.2447,0.2231,0.9072,1.505,1.1535,0.9569,0.8808,0.7057,0.2501,0.1737,0.2063,0.0867,0.2317,1.7152,2.9956,1.4839,0.384,0.1868,0.1339,0.0819,0.2146,0.522,0.9062,0.4555,1.2235,2.179,1.1284,0.1653,0.2421,0.2815,0.1984,0.3899,1.2145,1.0798,0.5174,0.7745,1.4182,0.558,0.2268,0.0612,0.1306,0.4821,0.2729,0.8413,1.5765,0.9207,0.2396,0.323,0.3419,0.2356,0.1507,0.5617,0.3318,0.4297,0.4732,0.3686,0.4705,0.6466,1.0927,0.6818,0.6797,0.2253,0.1774,0.1248,0.1285,0.2524,0.1906,0.4438,2.5049,2.5803,3.142,3.163,0.2356,0.2435,0.1909,0.2388,0.2008,0.1086
sub-kLat009,task-ADDT,run-1,0.22413793103448276,NA,0.1481,0.1879,0.1663,0.3305,1.315,0.8096,1.1731,0.9112,0.52,0.269,0.2087,0.1363,0.6756,0.8147,2.8138,1.9454,2.9858,1.6266,0.8248,0.8102,0.1537,0.2054,0.2687,0.3742,0.2705,0.6398,0.1648,0.373,0.3527,0.5096,0.2599,0.1664,0.2488,0.2016,0.2221,0.2606,0.2481,0.1525,0.1771,0.5279,0.1704,0.1433,0.3085,1.1434,0.9751,0.3343,0.8832,0.152,0.1087,1.283,1.963,1.3893,0.2611,0.5149,0.9428,0.7315,0.6335,1.3726,0.865,0.1752,0.1012,0.2594,0.222,0.1103,0.1646,0.2409,0.7686,0.3264,0.101,0.1239,0.2536,2.0464,4.0551,1.8961,0.7936,0.5492,2.1767,3.149,1.4687,2.3728,0.7587,0.2555,1.0593,1.3365,0.3198,0.3525,0.5942,0.115,0.1597,0.0653,0.1979,0.1494,0.1716,0.187,0.2612,1.1985,1.5093,4.0237,0.9043,2.1871,1.9194,1.1235,0.2847,0.1944,0.2031,0.3869,0.2968,0.2465,0.1841,0.2787,0.1858,0.1841,0.1475,0.1431,0.1697
sub-kLat011,task-ADDT,run-1,0.2672413793103448,NA,0.1619,0.2026,0.5679,0.6009,0.3537,0.2331,0.4654,0.2069,0.2952,0.3525,0.581,1.1424,0.8474,1.347,0.9251,0.534,0.6631,0.4931,1.5299,1.4692,0.6262,1.0318,0.8817,0.5011,0.8091,0.5004,0.7903,1.084,0.6316,1.0674,0.6238,0.8955,0.6373,0.3251,0.456,0.8423,0.5798,0.2658,0.3613,0.6885,0.5064,0.3886,0.9314,1.8463,1.9867,0.7358,1.4043,1.2759,0.4625,0.8604,0.6917,0.3967,1.0088,1.7102,1.2578,1.0111,0.6304,0.563,0.7403,0.5239,0.9672,0.5889,0.185,0.2924,0.4967,0.1074,0.1133,0.3246,0.3822,0.4793,0.3213,0.7477,0.5953,0.3329,0.937,0.2595,1.2673,1.1609,0.7034,1.0597,0.7547,0.8202,0.347,0.1317,0.9267,1.2415,0.9337,0.6968,0.87,0.8527,0.2631,0.5952,0.6941,1.0503,1.2667,1.316,1.0981,0.9514,1.8357,1.0156,0.2771,0.8007,0.8445,1.195,1.3912,1.1702,0.7155,1.8688,1.9918,1.0477,0.73740000000000006,0.7543,0.2625,0.2312,0.3245
sub-kLat049,task-ADDT,run-2,0.3017241379310345,NA,0.1625,1.0973,1.6474,1.1335,0.7118,0.3014,0.119,0.1235,0.1632,0.0861,0.0628,0.102,0.1296,0.1537,0.1022,0.181,0.9181,1.1657,0.2258,0.7339,0.4638,0.9476,0.8268,0.2641,0.3124,0.3403,0.3795,0.4451,0.9957,0.6773,0.2953,0.5242,0.1976,0.1213,0.3166,0.1834,0.1508,0.2755,1.0743,1.6275,0.9375,1.0603,1.8644,1.3663,0.3807,0.3445,0.5664,0.2729,0.2961,0.172,0.2349,0.3711,0.4111,0.6716,0.5278,0.3374,0.3992,0.2663,0.1755,0.1743,0.121,0.7074,1.6971,1.162,0.367,0.1723,0.2616,0.3564,0.9057,2.154,1.5343,0.2545,0.6917,0.9744,0.6265,0.7774,0.7164,4.3804,7.2883,3.3345,0.9845,0.6969,1.5219,0.9943,0.2978,0.3748,0.4841,0.2227,0.3414,0.4228,1.1208,0.8262,0.1567,0.4861,0.1837,0.2172,1.996,3.6642,1.0833,1.2836,3.3082,4.4306,1.7372,2.668,0.7724,0.6196,7.0128,13.9404,8.1952,6.9533,4.433,22.8414,20.9298,4.2856,2.1966
sub-kLat012,task-ADDT,run-1,0.3275862068965517,NA,0.601,0.8625,0.3412,0.2271,0.4644,0.5054,0.3475,0.3001,0.4526,0.4215,0.3072,0.4867,0.0554,0.1859,0.047,0.3186,0.2541,0.401,0.7305,0.4025,0.5296,1.719,2.4436,1.6746,0.9755,0.2948,0.3681,0.8884,3.6073,4.5188,3.1809,15.3941,9.0673,2.1924,1.0211,1.0124,0.8835,0.2827,0.5014,0.9593,0.3795,0.3874,0.3563,1.0714,0.8853,0.3275,0.3941,0.2616,0.3576,0.2526,0.5924,0.6721,0.8232,1.743,0.871,0.3684,0.5438,0.2744,0.3528,1.5826,2.8509,3.8114,4.3212,0.9132,1.8553,0.3224,0.3092,0.4488,0.5342,0.2754,0.4994,0.9033,0.6702,0.638,2.2123,15.3195,14.9782,3.4245,0.4493,0.2641,0.3948,0.6144,0.6006,0.2737,0.4292,0.289,0.2194,0.551,0.3839,0.3863,0.5991,0.385,1.3017,2.0745,1.0731,1.1359,1.779,1.4645,1.1566,2.0905,4.0795,3.0701,0.6155,0.6514,1.0588,0.4868,0.6308,1.3455,2.788,5.961,2.7691,0.271,0.7798,1.2479,0.3748
sub-kLat027,task-ADDT,run-1,0.3275862068965517,NA,1.4225,2.0787,0.5934,0.2627,0.3657,0.5437,1.0634,0.6079,0.5901,0.6359,0.4731,0.2715,0.3194,0.5209,0.6239,0.487,1.082,0.999,1.4298,1.769,1.1651,0.7115,0.3535,0.2163,0.3263,0.6591,1.162,0.6726,0.4943,0.336,1.2251,0.8767,0.7444,0.8639,0.2561,0.7116,0.5885,0.1881,0.5427,0.5875,1.2984,0.7157,0.8301,0.7597,0.2553,0.2978,0.5169,0.9762,0.4449,0.7986,0.7824,1.3989,0.7466,0.2317,0.1355,0.5107,1.0461,1.0598,1.3674,0.5812,1.3936,1.2359,0.7265,0.4255,0.3243,0.1433,0.1587,0.3244,0.4493,0.7823,1.135,1.2882,0.3122,0.6495,0.6251,0.6634,1.1351,1.5585,1.7621,1.0575,0.3949,0.906,1.2921,1.1221,0.7784,0.4745,0.2971,0.3309,0.6947,0.3209,0.851,0.9666,0.6508,0.7152,0.7157,0.2789,0.7906,1.0324,0.8629,1.0255,1.0099,0.82,1.2908,1.3243,1.7164,1.3639,0.7445,1.467,1.6513,1.0269,2.8355,1.125,0.8569,1.0898,1.4023
sub-kLat056,task-ADDT,run-1,0.3275862068965517,NA,0.3105,0.2563,0.4443,0.7323,0.2303,0.2399,0.2958,0.578,0.3353,0.4452,0.202,0.1585,0.1275,0.6341,0.5467,0.1508,0.1523,0.1475,0.2213,0.4486,0.1601,0.4891,0.4131,0.4434,0.9031,0.4845,0.5251,0.3416,0.2876,0.2071,0.7167,0.2424,0.2069,0.3666,0.6375,0.2442,0.1849,0.4613,0.3499,0.2429,0.1715,0.0728,0.1441,0.1997,0.0832,0.1277,0.283,0.315,0.317,0.4783,0.2788,0.1366,0.0522,0.0868,0.1084,0.0735,0.1363,0.1946,0.3515,17.5361,11.0411,1.0955,0.55,10.8058,4.6258,0.6129,7.3553,6.7768,3.1731,1.3303,1.6652,0.6146,0.4659,2.1708,1.7508,0.8761,0.43120000000000003,0.2341,0.6152,0.34,0.7072,0.8568,71.7376,23.1739,44.451,27.299,9.0812,32.7014,22.0791,7.7569,8.6403,2.9103,0.9537,2.8254,0.4656,0.3347,0.7075,0.5927,1.3934,0.4704,0.9035,49.4949,23.2513,56.776,21.7974,18.9735,3.3461,1.4679,5.8306,14.8136,21.6038,2.1761,2.0061,5.3562,47.4271
sub-kLat050,task-ADDT,run-3,0.3706896551724138,NA,5.376,6.1779,1.0844,1.661,2.6701,3.1441,2.7059,0.8928,2.0815,1.1762,5.873,4.3491,0.733,0.158,0.9893,1.5286,0.3981,0.2938,0.391,0.3367,0.3849,0.3235,0.5297,0.1858,0.1578,0.1284,0.1334,0.1252,0.1187,0.1588,0.1674,0.4821,0.6755,1.4187,0.8511,0.0661,0.115,0.178,0.0596,0.1404,0.1138,0.0994,0.0932,0.1185,0.1664,1.7881,1.9711,0.864,1.1559,2.6866,1.8988,0.6247,0.5754,0.1729,0.1442,0.13,0.2632,0.3377,0.7047,3.0315,7.4045,3.2457,0.8686,0.9687,0.9775,1.0625,0.1568,0.3481,0.9157,1.0103,0.4157,0.0795,0.6168,1.8631,1.6073,0.5974,1.0512,1.2567,1.0159,0.2046,0.1192,0.101,0.2598,0.4359,1.7343,2.9941,3.5623,6.3023,5.2381,0.9716,2.3066,2.2975,0.7327,0.4311,0.2224,0.27,0.2099,0.7868,0.8049,3.2218,5.8122,2.4412,1.4344,0.4891,0.3866,0.5209,0.2958,0.2542,0.1004,0.2292,0.5242,1.6311,1.2166,1.6785,3.9387
sub-kLat019,task-ADDT,run-1,0.3793103448275862,NA,0.1746,0.4163,0.2982,0.6238,0.1945,0.1361,0.158,0.1764,0.084,0.6954,1.2874,1.1056,0.1859,0.5685,0.1566,0.4769,0.1089,0.1135,0.3478,0.5936,0.6047,0.1758,0.2902,0.107,0.1545,0.3435,1.0661,0.618,1.8793,2.5177,4.9204,3.6372,1.1165,0.6584,0.5226,0.4529,2.0514,3.1016,1.955,1.2247,0.989,2.5968,1.9408,1.1541,2.3878,2.6404,2.1884,5.3767,5.0545,3.1271,4.4945,2.9941,1.3756,8.1999,11.3536,5.6045,10.0157,4.4529,3.4741,6.98,6.0193,3.5084,7.2984,3.8094,0.457,0.5013,0.1196,0.0609,0.1821,0.4016,0.4194,0.1843,1.2915,0.7685,4.8981,4.365,0.8916,0.2014,0.1553,0.0935,0.0798,0.083,0.065,0.1356,0.0634,0.2591,0.6095,0.3096,0.1004,0.1612,0.2058,0.0816,0.1014,0.1696,0.041,0.1711,0.0712,0.1002,0.0433,0.0627,0.0473,0.0895,0.0684,0.1862,0.547,0.1458,0.3565,2.9202,5.6335,3.6691,2.0833,3.8555,2.01,0.6109,0.364
sub-kLat019,task-ADDT,run-2,0.3793103448275862,NA,0.1291,0.0702,0.0666,0.0409,0.0736,0.0661,0.0505,0.1237,0.155,0.103,0.0611,2.0547,8.343,14.3983,4.2006,7.5321,9.9284,12.6546,3.899,6.4167,0.4867,0.4607,0.6025,1.6678,3.9399,3.2699,3.0671,0.9131,1.2891,1.9354,0.6329,0.1348,0.3671,0.1451,0.2815,0.6904,0.881,3.3573,8.0498,6.4292,1.9131,0.2477,0.5284,0.3545,1.2638,1.188,0.2541,0.4863,0.2519,0.0872,0.3058,0.2258,0.1158,3.6594,4.1847,0.4365,0.993,1.1398,5.4891,5.9161,5.2537,4.873,0.8793,1.1648,12.0537,9.7683,1.0499,0.136,0.3537,0.1464,0.1321,0.1048,0.1502,0.1238,0.1185,0.1407,1.1776,0.9784,0.5011,0.4975,0.3376,3.0763,1.4454,0.2512,0.3923,0.8412,0.23,0.4596,0.4677,0.7123,0.5513,1.161,0.9447,1.9072,1.8277,1.9142,0.2936,0.2783,0.6222,3.0843,1.1753,1.9538,2.4893,1.6484,0.5699,0.6645,0.3033,0.5352,0.4578,0.6024,0.7751,0.2528,0.2108,0.1012,0.1062
sub-kLat018,task-ADDT,run-2,0.39655172413793105,NA,0.3085,0.4951,0.2041,0.1997,0.1584,0.2023,0.2917,0.1623,0.3364,0.2813,21.3209,29.6462,10.2905,2.1976,1.8798,1.9095,0.7787,0.6912,0.3491,0.2286,0.151,0.1853,0.1188,5.1469,10.5912,5.6383,1.0609,0.9624,1.3873,1.0322,0.9628,0.6588,0.138,0.3678,0.5989,0.5185,0.151,0.0834,0.1374,0.1306,0.1793,0.4327,0.8282,0.6485,0.8817,0.662,0.3569,1.6343,1.265,1.0068,1.1045,1.5647,1.3665,1.0079,0.5633,9.8073,18.7599,13.9347,3.7793,1.0982,0.3183,0.4513,0.3098,0.8341,0.287,0.4974,0.1967,0.3468,0.5112,0.4634,0.8944,0.6081,0.4053,0.5907,0.435,1.5811,1.9556,1.4681,5.8734,5.2028,10.1921,2.1577,1.1707,0.8378,3.1204,2.3454,1.3143,0.806,0.1411,0.2135,0.8308,5.381,6.6557,2.3986,0.3579,1.475,1.954,3.2906,1.8752,2.1056,1.3514,1.1132,0.6536,0.5803,0.6126,1.0293,0.774,0.1459,0.1102,0.3852,0.3962,0.595,0.199,0.3308,0.5294
sub-kLat014,task-ADDT,run-1,0.41379310344827586,NA,0.3568,0.5726,0.6162,0.4836,1.045,1.2747,1.5049,1.9976,2.1065,1.6127,0.3638,0.5643,0.8364,0.7094,0.4069,0.4286,0.532,0.7299,0.2581,0.3559,2.3361,3.4152,0.6684,1.0593,0.2932,3.7185,6.4114,3.2672,0.7912,0.3524,0.6397,0.6841,1.9329,2.8594,1.0171,0.9774,1.4213,6.5513,5.8348,25.0603,10.8921,9.7181,4.4632,1.3448,0.9043,0.5332,0.7126,11.4572,4.6715,1.1553,0.5318,0.2758,0.3104,0.1694,1.8343,1.1079,0.5117,0.1823,0.401,0.3518,0.1339,0.3447,0.1312,0.2116,0.1735,0.1912,0.2965,0.3216,0.215,0.3283,0.4418,1.1254,0.156,0.0986,3.1052,2.465,0.2984,0.9155,14.9262,14.07,7.6441,3.4867,1.3683,0.804,1.0835,0.3657,0.051,0.1259,0.0989,0.1674,0.089,14.516,12.2161,0.154,0.0952,0.1674,6.5233,5.1928,1.1254,0.731,0.2258,0.1367,0.2535,0.1821,0.4402,0.4826,0.6637,9.4938,10.244,28.705,17.4192,9.5442,0.7774,1.0049,0.5342
sub-kLat050,task-ADDT,run-2,0.41379310344827586,NA,0.4487,1.1046,3.9518,2.8,0.5133,0.5346,0.981,2.1794,5.1101,9.8961,3.8944,1.12,4.2572,3.2221,2.1031,2.4972,1.4815,0.9354,1.4412,4.2441,7.3917,3.6069,0.6948,0.4592,0.637,0.5245,0.9495,0.5585,0.4411,0.6196,0.653,3.0938,4.6639,1.722,0.5193,0.8746,1.3988,0.7482,2.5582,3.2726,1.977,1.039,0.6195,0.3437,1.7055,3.5142,1.599,1.8691,1.8072,0.7584,0.5007,0.4816,0.2048,0.2091,0.194,0.1351,0.2401,0.9158,2.6745,3.8946,10.7114,7.6973,9.7564,7.7366,1.1887,1.6368,1.3609,1.185,1.5952,1.1463,0.7097,0.6331,1.0947,0.3748,0.3656,0.5317,0.4731,0.3962,0.4338,0.8061,0.8315,0.3836,0.2265,0.1153,0.4267,0.1913,1.2489,3.7985,5.396,2.0264,0.3223,0.5118,0.4332,0.1998,0.2324,0.2697,0.217,0.178,0.1662,0.1608,0.4645,0.8149,0.595,0.664,1.2183,0.5723,0.2459,0.2274,0.1913,0.6382,0.2935,0.1195,0.1142,0.1199,0.1793
sub-kLat026,task-ADDT,run-1,0.43103448275862066,NA,0.2401,0.2808,0.3832,0.896,0.8179,0.5842,0.6917,0.4136,0.9997,1.6732,1.417,0.8681,0.6118,0.8835,0.8468,0.4963,1.3393,1.1629,1.2182,1.2115,0.702,1.0252,0.5407,0.46,0.5428,0.3996,0.5864,0.5025,0.2182,0.3928,0.4367,0.5318,0.6254,0.3444,0.3431,1.1173,0.6009,0.3817,1.5783,1.6787,1.2532,1.0916,2.7645,3.9597,2.5018,0.8797,0.731,0.9525,0.8488,11.7415,19.2374,6.8646,0.9286,0.5545,0.7582,1.383,0.9828,0.4669,0.3261,0.2775,0.5665,0.7367,0.4357,0.5148,0.223,0.3623,0.4221,0.341,0.3532,0.3944,0.6809,1.1788,2.493,1.4619,0.5687,0.3834,0.234,5.6662,7.9583,1.5265,0.7016,2.9271,2.5703,0.5093,3.8284,9.9499,14.0376,10.7798,16.0624,5.2697,2.0882,3.5342,1.4522,1.8988,1.3027,1.1932,11.8341,16.1858,3.9245,2.5297,4.1489,5.1883,3.1782,2.4669,2.6562,1.1387,0.5304,0.8988,1.0881,0.6404,0.3694,0.0899,0.1765,0.3774,0.5561
sub-kLat014,task-ADDT,run-2,0.46551724137931033,NA,0.7437,3.7977,7.089,5.4225,5.9074,3.9011,7.224,3.5646,0.4725,0.1357,0.7298,1.3826,1.3397,1.2501,3.1351,2.7673,2.3637,0.3986,1.1289,1.0715,1.8176,0.2531,0.1054,0.1153,0.2429,0.3615,0.737,0.236,0.1978,0.1303,1.0225,1.3912,1.9256,2.9025,3.7923,0.9117,1.5543,1.5851,2.116,2.2046,3.4543,2.0048,0.1987,0.311,0.2061,0.5307,1.4554,1.331,0.5982,1.3291,0.884,0.1781,0.192,0.3765,0.7568,0.1731,0.2938,0.1378,0.0998,1.4272,2.8214,4.3572,1.5246,0.2592,0.4564,0.2446,0.1554,0.0681,2.826,3.8143,1.5291,0.2038,0.2054,0.2684,0.432,0.7678,1.2139,1.2299,1.4335,2.96,5.2941,1.998,0.431,0.3238,0.1922,0.1643,0.1751,0.2929,0.2701,0.2711,0.1705,0.1297,0.1545,0.1806,0.1826,0.5743,0.5759,0.847,1.8807,1.7065,1.5274,1.7939,0.8952,0.2068,1.6618,1.5605,4.5254,3.6617,2.1872,4.4708,3.037,0.4884,0.2868,0.414,0.199
sub-kLat040,task-ADDT,run-2,0.4827586206896552,NA,0.1441,0.1595,0.1578,0.2748,0.1443,0.1384,0.1986,0.0617,0.1599,0.1305,0.4476,0.8155,0.1894,0.164,0.1707,0.2558,1.0918,1.9599,1.1272,0.8875,0.5464,1.0873,0.9226,1.2318,1.174,1.8709,4.5809,5.8932,2.4544,1.2979,1.718,0.7447,0.4701,0.4318,0.2908,0.6761,4.225,4.6528,2.8213,2.1101,16.8226,6.2653,1.2238,6.2794,1.886,4.5767,0.6959,0.2597,0.5398,0.337,0.3005,0.5691,0.6551,2.1912,6.7248,3.5907,0.2919,0.4924,0.2243,0.7296,0.6106,0.299,0.1773,0.1454,0.8887,15.4006,6.162,2.1227,4.1374,2.786,4.9038,2.8045,0.6706,1.6185,2.2288,1.3098,0.9323,0.4364,0.712,0.7237,0.6156,1.1312,0.8277,0.7614,0.7146,3.9029,1.2817,0.343,0.2745,5.0035,4.8523,5.3517,2.1665,2.0761,1.5802,0.7936,4.3335,2.6091,0.9527,0.6982,4.6606,8.2133,4.7975,2.4372,1.9054,2.2849,5.7746,7.0803,1.5882,0.9137,0.4797,0.3091,0.5506,1.1022,0.9804
sub-kLat017,task-ADDT,run-1,0.5258620689655172,NA,0.8943,2.7094,2.261,1.0502,1.541,1.0702,0.7096,0.1765,0.568,0.3721,0.2615,0.5991,0.4673,1.6642,2.1182,5.0667,5.2396,0.908,1.1398,0.2907,1.1057,0.9439,0.4046,0.0697,0.2709,0.3009,0.4743,0.3107,0.7645,1.0146,0.5511,0.7611,2.0827,1.8448,3.8775,4.0596,1.244,1.4302,0.6808,0.3378,2.0878,2.5988,3.0347,1.9399,1.1888,1.0088,0.7729,0.1991,0.1342,0.0947,0.2016,0.3308,0.7302,2.2905,2.606,0.8622,1.3258,1.6959,2.678,0.9411,0.6824,0.3773,0.2346,0.5626,0.7881,0.243,2.5033,3.8028,1.0825,0.8298,0.5026,1.4969,1.7699,1.2508,1.8408,5.0668,3.7961,1.1652,4.2215,4.9412,6.794,12.1531,12.8656,5.509,0.5986,3.873,6.0626,6.3867,2.7486,0.5948,0.5344,0.472,2.3214,2.5127,1.727,0.6325,0.2782,0.6434,0.5712,2.0919,3.0451,1.9969,0.7159,0.134,0.1218,0.3518,0.7988,1.6505,2.8041,7.21,4.3978,0.4295,1.0752,1.3942,0.5296
sub-kLat019,task-ADDT,run-3,0.5431034482758621,NA,1.1672,1.3035,1.5763,1.993,0.7289,1.3229,0.3419,0.1142,0.0613,0.1918,0.1489,0.1109,2.0839,5.6756,6.2405,8.3966,5.2897,1.5205,0.9222,1.9255,1.7737,1.0373000000000001,0.8235,1.2894,1.9466,1.0893,1.686,2.5082,1.411,0.8945,0.5427,0.1167,2.1493,1.9521,4.3027,1.6671,0.44,0.1327,0.5102,1.1726,0.795,0.3936,1.7604,5.1291,8.6507,3.803,6.2558,0.5455,0.5537,0.6539,0.6047,0.5346,0.1791,0.143,0.0773,0.7021,0.938,0.2785,5.4069,9.7143,4.2405,0.681,0.6341,0.388,1.4244,1.6199,0.6534,0.6245,0.696,0.8432,0.1604,0.1375,0.3439,0.4685,0.8459,7.9481,11.7544,5.3051,2.0202,0.7422,1.4391,0.6584,0.9046,3.2558,3.3147,1.4941,3.0378,2.2493,3.3952,0.8092,0.5732,0.4269,3.8645,13.1625,10.8093,2.6197,2.7595,5.5686,5.6363,20.2887,2.4165,3.6981,1.7743,1.5553,0.2346,0.2049,3.8768,4.186,0.3673,3.4571,3.1284,5.226,0.758,0.1802,0.1362
sub-kLat049,task-ADDT,run-1,0.6810344827586207,NA,0.5048,0.6899,1.9373,2.3338,1.1489,0.2804,3.4969,6.1144,2.7999,0.7429,1.0944,1.3849,0.4869,2.1286,2.4706,1.1702,0.1922,0.1801,0.5251,2.1143,3.0264,1.1451,2.1678,4.3346,2.8514,1.3206,1.1049,3.0875,3.7369,0.6054,2.4913,3.4848,2.3578,4.8468,2.3614,0.7827,4.2444,5.7105,0.4876,0.8658,1.433,1.0151,1.7666,3.5338,8.4545,13.9379,7.2555,1.6114,1.5342,1.0899,0.6479,1.5988,1.3294,0.7664,0.5708,0.7393,1.3248,1.2942,1.0496,0.7708,3.1766,4.9366,2.9909,2.5913,0.9857,1.0028,0.6382,0.6541,0.4193,1.931,5.1325,3.9074,1.6534,1.616,1.8501,2.6494,3.1009,2.8994,2.8059,4.1652,6.7494,10.3445,6.5133,16.1142,10.1695,0.9406,1.6236,0.5909,0.9198,0.2503,0.2442,3.8521,7.9312,4.0994,0.2393,0.2358,0.4112,0.3914,6.0473,14.6455,33.3328,24.6167,9.7476,1.4347,2.5483,3.9822,1.8206,0.7369,0.4638,0.5959,0.9383,1.2886,1.0985,0.8089,0.7193
